cost,phylo_dist,shannon,consval,grass_spec_frac,grass_weight_frac
131.24999999999997,43217.630274556,3.0837676926040585,45.01650183617733,0.3333333333333333,0.96875
140.40865638625,43217.630274556,3.5533130807440285,45.2821213521723,0.3333333333333333,0.9178685756319446
149.89008961926496,45955.827546544,3.797334187555199,46.247387841884496,0.3333333333333333,0.96875
155.61949489516587,47808.853390535995,3.27638556018389,45.08441314070846,0.3,0.9625
160.46096115130356,47808.853390535995,4.348464709200279,45.96030024938818,0.3,0.9625
175.77791967247418,31553.606643600004,8.087029367424378,55.07273401617241,0.4,0.9319087943747958
176.02362244017806,43217.630274556,7.865821457950232,60.26380820792357,0.3333333333333333,0.9219180699843756
193.5550024304924,31553.606680000004,8.087029367424378,55.07273401617241,0.4,0.9319087943747958
202.76348482442157,38432.6057276,8.087029367424378,54.78565353583254,0.36666666666666653,0.9223394450301337
220.6952244900841,46428.747450544004,4.860939543895476,60.9277265304199,0.3333333333333333,0.96875
232.92662134117225,54754.2397,7.124236477366523,45.24230388411974,0.2333333333333333,0.6744532979748726
236.7939003897706,41309.46795560001,8.087029367424378,54.19308411056527,0.36666666666666653,0.9223394450301337
240.92886693622387,44340.885993,9.148949082377117,52.83301119157826,0.3333333333333333,0.923756466106114
243.5363830470094,46677.8396436,7.605563151957287,48.20750910165643,0.3333333333333333,0.9264974200766533
249.8763483208712,32979.308561800004,10.415727968861852,56.048829641447156,0.4,0.9258772211582276
254.9362997560196,32979.308561800004,10.7053471728214,56.53014053683778,0.4,0.920597646023674
257.80386693622387,44518.6929478,9.148949082377117,52.83301119157826,0.3333333333333333,0.923756466106114
277.4150719294207,45679.5215658,10.7053471728214,54.66673652720438,0.3333333333333333,0.8818250457828389
283.11462475153115,38477.5235828,11.129814739182926,57.12176225847602,0.36666666666666653,0.9021843393246892
289.91589862209037,58156.60520000001,4.856822399419568,42.900906200286656,0.2,0.8009242055378071
297.8214350846677,59651.73829319999,5.836010889717613,55.76708578685692,0.16666666666666666,0.8984393887038299
306.62321696083717,53528.40254051199,7.187451646151503,41.40078263543155,0.26666666666666666,0.7712370033685897
336.1300332537121,60043.803262,5.645474696586507,59.72554491337625,0.16666666666666666,0.8867365024200241
345.7194039313777,62456.07393680001,4.549565382464492,62.044427914745405,0.16666666666666666,0.8697028283947641
362.3497626353186,62047.6113354,4.759925489538424,49.075554486783545,0.16666666666666666,0.5129633115604937
382.1946779760049,55402.808604492006,8.024171859601624,47.95994311312254,0.2333333333333333,0.7351474452013901
386.7692953841631,46717.52168284,10.053732524487048,57.2060475561664,0.3333333333333333,0.8249092080144912
418.9567953841631,49382.6767176,10.053732524487048,57.5185475561664,0.3,0.8186592080144912
458.14870870980764,38729.1741668,11.129814739182926,53.097990213458175,0.36666666666666653,0.9021843393246892
476.62932833879637,52120.744859800005,9.148949082377117,50.91192133320806,0.26666666666666666,0.7400509915208047
549.6983634114881,48786.548271199994,11.920372874921553,57.59687998143852,0.3333333333333333,0.6721942960422366
576.2058279738193,52489.4302098,10.7053471728214,51.608053577246274,0.3,0.7798689474509019
655.2629799013961,51093.374130000004,11.531469022838795,50.52247343300887,0.3,0.8163166382716831
656.6127143523561,51093.374130000004,11.545233872902624,50.4353042931344,0.3,0.8155263059710256
659.6303270818123,54995.7222056,10.053732524487048,52.89998272881152,0.26666666666666666,0.6426489402061928
678.8829370332097,64614.84431,5.097737128585996,49.90363999082585,0.1,0.6946558358208215
686.7225879098107,60947.36525359999,10.215186231603694,48.721619834934906,0.16666666666666666,0.4387479724603869
692.01885234321,54215.791726,10.77313644769974,51.200183100044185,0.26666666666666666,0.7513553068925328
720.443467732868,66154.05414600001,5.750970523298024,50.8416801979851,0.1,0.6572341837581452
763.2542530484593,63446.517526,7.7521407991183775,54.76780305230155,0.13333333333333333,0.5739325138895017
783.6050179355541,56082.14591399999,11.545233872902624,51.396225050470456,0.2333333333333333,0.6710741015063685
833.5116373737068,58247.29516520001,11.433128858165876,52.47179605410534,0.2333333333333333,0.5103381557083171
840.7444570664278,62876.397666,8.456499032537915,51.398031566943786,0.13333333333333333,0.5134140148813716
846.0995136827017,63446.517526,8.456499032537915,51.18382930229282,0.13333333333333333,0.5134140148813716
846.2738849355501,67631.672644,5.850392359059835,57.51873456642407,0.1,0.4232646329684714
846.7538060256392,64614.84431,8.678332912394547,57.1673210366824,0.1,0.4707055892583683
849.9216917444104,52781.0719792,12.43438489163516,63.98276344324608,0.3,0.688271546035955
967.9837364845724,66849.52159060001,7.182368666042348,38.90380238727275,0.1,0.0617261970568464
971.2664561504827,66154.05414600001,9.30041386732301,56.07758819371809,0.1,0.4243449573121711
972.11018375015,66849.52159060001,8.237068153944987,48.6743582943604,0.1,0.09362979226591772
977.7719598059688,53874.355639199995,12.659444403008976,62.793860246546195,0.3,0.6671887582257668
1055.4727281869875,68871.01925560001,5.1411287303537945,64.74260816399449,0.06666666666666668,0.6305800775837143
1174.293321575093,64993.2291574,12.183416049535824,52.1369925189831,0.1,0.32204805200248376
1199.5375164179566,64993.2291574,12.492618660438517,51.85216710132906,0.1,0.3144903748618905
1258.0451911164555,68603.5996146,6.582822328316448,35.693608745304985,0.06666666666666668,0.04075499708584758
1279.943479316532,67374.07491784,6.864637107851863,45.783382256668645,0.1,0.11450448839455232
1366.158356077827,67831.17894024,13.343889698912662,50.67427484787621,0.06666666666666668,0.1700555090787145
1420.5920891966614,68603.5994466,13.343889698912662,48.0821923184079,0.06666666666666668,0.1700555090787145
1449.7121576604827,68629.9447364,9.594177020734968,64.68761064740796,0.06666666666666668,0.08673156744162577
1532.341919137454,68871.01925560001,8.873293319952545,61.81196162350352,0.06666666666666668,0.4246530226126146
1685.8025034246634,68845.50443860001,9.779007851826767,59.98785731506028,0.06666666666666668,0.07416389959910888
1722.828868129268,65217.8432122,14.516195087808722,48.49969387375826,0.03333333333333333,0.06783678938895753
1730.9973661437784,68603.5996146,12.912238427206287,47.63650928222518,0.06666666666666668,0.112245572637863
1903.4969214415537,68672.3437506,14.776078213904743,49.217443568337366,0.03333333333333333,0.07354898499617031
2186.375997594424,69108.53275419999,8.464172178466013,70.91904102939264,0.06666666666666668,0.055600016682354834
2307.076377592597,69038.5238466,9.736862761334752,55.793645527369925,0.03333333333333333,0.15576780473974108
2338.330212734553,69209.316677,10.012981413464836,61.83331728358371,0.03333333333333333,0.3746235869945736
2630.3640884631022,69209.316677,11.375194546892835,57.68134256068215,0.03333333333333333,0.03960749051797064
2677.8545721339246,69038.5238466,12.626428920200455,57.213052247210825,0.03333333333333333,0.19392993732758385
2737.770340193125,69038.5238466,13.118790742814785,58.22315145752733,0.03333333333333333,0.22108743873443498
2817.9198159742973,69209.316677,11.85014300135803,55.438994652925864,0.03333333333333333,0.04681718637419105
2952.7886442627864,67829.2068566,14.999027084705135,61.30509080879833,0.1,0.2012926738347625
3186.939391729776,69209.316677,13.856397321366995,56.74406626882637,0.03333333333333333,0.05805083982895469
3222.3425394648816,69209.316677,14.186777505442054,56.93252135674076,0.03333333333333333,0.059673003029520715
3389.1044083627753,69209.316677,14.824422967732167,57.820214250577784,0.03333333333333333,0.06731398933412326
3637.60253064449,68306.95192084,14.998913527853713,50.06792890532525,0.06666666666666668,0.1355682235967413
3725.7874278485524,67860.02007217999,14.999027084705135,55.92944044847648,0.03333333333333333,0.06789964202211482
4102.90304200156,68177.00215098,14.999027084705135,56.58529369048172,0.03333333333333333,0.06789964202211482
4311.9368809108,69132.3285282,14.998913527853713,58.06678138696711,0.03333333333333333,0.06805141188164003
4545.519667153432,69154.0131464,14.909596788383315,51.93719365468225,0.03333333333333333,0.06567970761025757
4577.344443288313,69209.3163024,14.909596788383315,54.48317574547268,0.03333333333333333,0.06567970761025757
4952.200466465744,68853.14415978,14.999027084705135,53.93123923903114,0.03333333333333333,0.06789964202211482
5026.8755053339755,69057.5875038,14.999001338949055,51.3072889660581,0.06666666666666668,0.13467027685036154
5170.676201208378,69209.31633239999,14.975624059340262,54.827151564726066,0.03333333333333333,0.0667903786940398
5273.727849371,69110.82887180001,14.999001338949055,53.2804616417339,0.06666666666666668,0.13364271109563652
5485.18750259878,69154.01329979999,14.999027084705135,52.61522186586315,0.03333333333333333,0.06789964202211482
5707.887769693941,69209.3163548,14.990537594875155,52.58925817081333,0.03333333333333333,0.0677009863395289
7167.973618019774,69183.0712444,14.999001338949055,50.64956474083282,0.03333333333333333,0.06787028857310964
7223.077405918629,69183.07130619998,14.999027084705135,49.973849985300895,0.03333333333333333,0.06789964202211482
131.26410876273673,43110.86358255598,3.085057576177873,45.26709476411083,0.3333333333333333,0.9687094575783428
131.30532046695987,43217.630274556,3.0897552838873046,45.01699574578985,0.3333333333333333,0.9685994681171156
131.43505801139932,43110.863560000005,3.1591007589475164,45.54951816687677,0.3333333333333333,0.96875
131.46161957871848,43110.86358255598,3.1691007801733386,45.303326204973615,0.3333333333333333,0.96875
132.05732221092555,43110.863560000005,3.2372210219304867,45.64924375569295,0.3333333333333333,0.96875
132.14277014894148,43217.630274556,3.2515402171337016,45.54056331803441,0.3333333333333333,0.96875
132.64086541581145,43217.630274556,3.3303385615013745,45.83294825493151,0.3333333333333333,0.96875
132.68749999999997,47445.183508,3.0805731809315735,45.89118485976943,0.3,0.9625
133.125,48139.87424799999,3.0743219112879743,45.769874079201145,0.3,0.9625
133.42259985319436,43110.86358255598,3.4415650638221207,46.541831101943494,0.3333333333333333,0.96875
133.62499999999997,46129.355058535984,3.0837676926040585,45.14150183617733,0.3,0.9625
133.625,43517.024482548,3.0865105026321835,45.727541879404704,0.3333333333333333,0.96875
133.66222266253337,43217.630274556,3.7460050855345286,45.436257784477434,0.3333333333333333,0.96875
133.86410689698792,47445.183508,3.1855673090225984,45.51014365918275,0.3,0.9590223441468342
133.97638169699144,43352.839574564,3.2185526038419368,45.39837251843053,0.3333333333333333,0.96875
134.5625,48148.741912,2.9495595051056305,47.08817167279863,0.3,0.9625
134.60373055091185,43517.024482548,3.2098798799807833,43.91797304547911,0.3333333333333333,0.96875
134.68749999999997,48103.069192,3.0805731809315735,45.82868485976943,0.3,0.9625
134.81249999999997,48103.428754143984,3.0837676926040585,44.95400183617733,0.3,0.9625
135.0508034796175,47445.183508,3.3514050283060985,46.314241902739276,0.3,0.9590719803200008
135.31249999999997,51245.105492,3.0337466270331923,46.29349272126489,0.26666666666666666,0.95625
135.4178402454263,43110.863560000005,3.746667766037688,45.11663342690138,0.3333333333333333,0.9542403398825404
135.44166952725826,43564.153486548,3.4822783265017425,44.53709336220149,0.3333333333333333,0.96875
135.49723692446378,42938.311556,3.903098487331091,45.36630853626164,0.3333333333333333,0.96875
135.62499999999997,48597.531854544,3.0837676926040585,44.82900183617733,0.3,0.9625
135.65546329799966,43110.863560000005,3.807530959133582,43.475808413816274,0.3333333333333333,0.96875
135.69640074801328,43217.630274556,4.068796739243808,45.790229399347,0.3333333333333333,0.96875
135.82057585685985,43110.863560000005,4.083965121277074,46.37433737168667,0.3333333333333333,0.96875
136.04300127425194,43217.630274556,4.109943846687883,45.850542087239525,0.3333333333333333,0.96875
136.2921881609935,48431.283914544,3.4038271884098865,46.45654580279014,0.3,0.9625000000000002
136.3174898837152,43217.630274556,4.139933212217734,45.898306428546974,0.3333333333333333,0.96875
136.3882427692868,43217.630274556,4.14729833104254,44.197870697486366,0.3333333333333333,0.96875
136.5372416658843,47445.183508,3.7849536874241503,44.800706733499155,0.3,0.9625
136.65310548781815,48103.069178144004,3.413354644727783,45.18752141250793,0.3,0.9625
136.89502575416583,43110.863560000005,4.152316059771068,47.357782988218936,0.3333333333333333,0.96875
137.18749999999997,51282.031451999996,3.0337466270331923,46.41849272126489,0.26666666666666666,0.95625
137.27982764674934,47985.690406527996,3.626502998969393,44.55901527959981,0.3,0.9625
137.5336689217636,48103.069214544004,3.9170400475769465,45.27120697031085,0.3,0.9625
137.7849260563594,43110.863560000005,4.263319952801922,44.537849403529364,0.3333333333333333,0.96875
138.12499999999997,52214.079424,3.0805731809315735,45.45368485976943,0.26666666666666666,0.95625
138.2508752817067,43110.86358255598,4.293927709720411,44.16304627239304,0.3333333333333333,0.9686058988116808
138.25287032932215,47220.331270535986,4.188645099124933,44.62982021086318,0.3,0.9625
138.31249999999997,48948.168898135984,3.0837676926040585,45.14150183617733,0.3,0.9625
138.4282112597641,48146.13599853599,4.0829974783362735,44.531305318545996,0.3,0.9625
138.9709126168232,43110.86358255598,4.320331975576127,46.61003410936026,0.3333333333333333,0.96875
139.3888274051469,48217.520612536,3.5607039228198816,47.75663342358718,0.3,0.9625
139.3932650455435,43166.322608,4.204204803463751,47.67046268087242,0.3333333333333333,0.96875
139.6556642215937,43217.630274556,4.336942972179068,46.47918917894598,0.3333333333333333,0.96875
139.7742344713673,43110.86358255598,4.33864967153338,43.90841034749262,0.3333333333333333,0.96875
140.08232973846046,47445.183508,4.257084331237039,47.47517540835625,0.3,0.9625
140.13943519220624,43110.863560000005,4.550204973543228,46.627015325616505,0.3333333333333333,0.96875
140.3630427264346,48282.717048536,3.4844050812770435,47.15334187880058,0.3,0.9596720737407884
140.50914074478501,43217.630274556,4.3417340107096365,46.627704427106295,0.3333333333333333,0.96875
140.68066616767453,48086.498226535994,4.125267511279576,44.355942056192724,0.3,0.9625
140.76295641935567,47445.183508,4.280643830091422,44.874862057263115,0.3,0.9625
140.88788303684072,43110.86358255598,4.848427482604069,44.490230029202564,0.3333333333333333,0.96875
140.9375,53368.24864000001,3.000862402598985,47.03743065267736,0.2333333333333333,0.95
141.49018575863894,49835.71644799999,4.136118546228468,46.341762102833464,0.3,0.9625
142.11832605035846,51282.03148,3.6307705645208688,46.6860005458467,0.26666666666666666,0.95625
142.25193834809681,48597.531854544,4.26906684974493,43.773189892381154,0.3,0.9625
142.33523486044155,43217.630274556,4.522256248944403,46.652665666495764,0.3333333333333333,0.96875
142.34688667051088,43217.630274556,5.059457738257978,47.12970835357717,0.3333333333333333,0.96875
142.69689529355082,46129.355058535984,4.342158828102541,43.696156353742,0.3,0.9625
142.72629897966334,46820.226856536,4.463370977794295,45.393401628816,0.3,0.9625
142.8249033527502,51334.56208,3.580150455595084,46.23390701459231,0.26666666666666666,0.95625
142.93560684112202,43516.02608,4.513735886568585,44.47834743247907,0.3333333333333333,0.9641536384085492
143.20060095945897,51282.03148,3.834944246598152,46.144483481588395,0.26666666666666666,0.95625
143.83584196228261,43110.86358255598,5.174236527442896,47.642509421842526,0.3333333333333333,0.96875
144.1875,52859.521502516,3.0846946548346734,45.38338679613715,0.26666666666666666,0.95625
144.8726264746787,43803.968500564,4.499828390697687,44.37281912633835,0.3333333333333333,0.96875
144.91026369732623,43166.322608,5.32567726278326,46.4474090334354,0.3333333333333333,0.96875
145.02969470476694,51722.7731396,3.3894975169578214,47.0028305937807,0.26666666666666666,0.95625
145.18535664334294,47714.790518536,4.292810835428504,44.67857848453861,0.3,0.9625
146.74999999999997,53065.608113999995,3.0643279041460723,44.706313893286755,0.2333333333333333,0.95
146.82395199175056,47982.337518135995,4.6412469927817614,45.17581827446315,0.3,0.9625
147.03438667051088,43516.026130556,5.059457738257978,47.06720835357717,0.3333333333333333,0.96875
147.24558017202258,48055.9402076,4.3346922859594805,52.101391472216555,0.3,0.9625
147.52969470476694,54266.454011654,3.3894975169578214,46.8153305937807,0.2333333333333333,0.95
147.8423502853587,50700.5461748,4.188513415295984,46.51388506931081,0.3,0.9625
147.8913056587239,43217.630274556,5.1882772689332874,49.00380267377242,0.3333333333333333,0.96875
148.0397632266107,52973.851666,3.7348665846159865,47.296356435294115,0.26666666666666666,0.95625
148.30150569130726,48742.775816,4.221600771536498,47.3885368174637,0.3,0.9625
148.5016498429275,48259.524826536,5.243641346293387,47.7030670562423,0.3,0.9625
148.60288372102343,51532.217724,4.314631684508546,46.643473655080655,0.26666666666666666,0.95625
148.6861502858301,52451.320442524004,3.779727165308025,45.984322055319176,0.26666666666666666,0.95625
149.0663689784529,37923.753758576,5.368755990360384,48.60602415833424,0.36666666666666653,0.975
149.92984306582485,48597.531854544,4.7426675026833935,47.21474611447917,0.3,0.9625
150.12866979414687,43110.86358255598,5.48498339112313,50.848095034645866,0.3333333333333333,0.96875
150.1582405625719,54748.7963116,3.188095651590132,45.332359392170666,0.26666666666666666,0.95625
150.2904613144616,43217.630252,5.4553287548186935,45.95897895837877,0.3333333333333333,0.96875
150.65799200555787,54748.7963116,3.3838452798299365,45.24974945363074,0.26666666666666666,0.95625
150.98566733737806,48273.849384544,5.298789443543206,46.188904472106344,0.3,0.9625
150.99671033959748,51991.79592800001,4.515851304301132,49.88779860644993,0.26666666666666666,0.95625
151.24038062154963,53276.0710316,3.7710381872201295,48.158123804970806,0.26666666666666666,0.95625
151.26647745397077,53746.456994512,3.4870180974891967,45.28181778723349,0.2333333333333333,0.95
151.45452467574128,31811.014136,6.0680720577323815,49.42990385193521,0.4,0.9677294973523034
152.56490227849622,54880.11701159999,3.138195829410179,47.09351933623505,0.26666666666666666,0.95625
152.625,55083.851999312,2.803081821784083,47.53464218389534,0.2333333333333333,0.95
152.9707405625719,54782.7480596,3.188095651590132,45.457359392170666,0.26666666666666666,0.95625
153.13712493302722,52749.606452132,4.257122252331118,45.09415546941439,0.26666666666666666,0.9523433916984576
153.5625,56314.4435753,2.607335215379027,47.788708268451344,0.2,0.94375
153.72484605443498,43760.28732,5.354596219274916,45.07502711424807,0.3333333333333333,0.96875
153.84945091970494,53276.0710316,3.998953796453332,46.52087320389227,0.26666666666666666,0.95625
153.8512118717572,53759.852636,3.806654427975623,44.242329902476165,0.2333333333333333,0.95
154.0671519400971,54748.7963314,3.542212939702158,47.405181424830005,0.26666666666666666,0.95625
154.3125,56166.85272259999,3.0858765363704816,45.55871503507949,0.2333333333333333,0.95
154.8979571314362,52931.751128,4.10824507168438,47.77815354670996,0.26666666666666666,0.95625
154.9413304496353,50846.8183348,5.150765306873784,46.2097580847285,0.3,0.9625
155.00182985048846,52214.079460523986,4.4743130694967945,49.72456542659003,0.26666666666666666,0.95625
155.14174901826297,49411.1768,5.229265362194746,47.37470100321358,0.3,0.9625
155.28577522820927,46776.144312000004,5.515221539555867,46.47272822400382,0.3,0.9625
155.43975510494352,52445.964794,5.197200129655123,46.44027839166056,0.26666666666666666,0.95625
156.05686764867218,47742.320996,6.176356200686282,44.289797329769,0.3,0.8978941325032581
156.68900435786483,55323.499026504,3.4558259565747433,47.203221623824064,0.2333333333333333,0.95
156.99450472024955,43110.86358255598,6.208899554494795,54.25102866735611,0.3333333333333333,0.96875
157.81432985048846,54980.709028504,4.4743130694967945,49.72456542659003,0.2333333333333333,0.95
157.83178986592986,47804.24713999999,5.3327554074578885,45.31214720017068,0.3,0.9625
157.8844432851668,55083.851999312,3.631639264120615,48.52549810848182,0.2333333333333333,0.95
158.0390880717699,52973.851666,4.567768633888578,46.55939702851072,0.26666666666666666,0.95625
158.05882389581762,51153.921840453986,5.430072274606117,43.99621469445881,0.3,0.9625
159.20158537555744,43110.863560000005,6.225734908061884,44.87318894679324,0.3333333333333333,0.9687500000000002
159.45707911802953,52859.521502516,4.676733563578331,49.634559496187684,0.26666666666666666,0.9516996445739428
159.57695703709916,51360.114239999995,5.320741467700292,51.92346970716319,0.26666666666666666,0.95625
160.11133209047026,56166.85272259999,3.4110767864222025,45.07890262636901,0.2333333333333333,0.9177842661640544
160.6303509765997,53733.666424,4.632176031877839,50.718485514351606,0.26666666666666666,0.95625
160.6875,58318.4349546,3.050474544755833,46.76423290230999,0.2,0.94375
161.2350363251117,56338.998155292,3.780192337548014,46.08238787351378,0.2,0.94375
161.321464344189,48150.152176,6.108914039776616,52.88868420415356,0.3,0.9088672053657942
161.375,58670.0067466,3.0858765363704816,45.55871503507949,0.2,0.94375
161.7842820828237,56376.0411916,3.7384427332423344,46.31193747072692,0.2333333333333333,0.95
162.04807318570704,58670.0067466,3.174622997788455,46.898914090564546,0.2,0.94375
162.1154794393916,49039.995572,6.306738425219117,46.548256303963385,0.3,0.9625
162.21371658118247,58670.0067466,3.246983659634564,46.53646838001495,0.2,0.94375
162.34684235097177,56314.4435753,3.872634373758198,45.464856930164736,0.2,0.94375
162.48720875749524,56314.4435753,3.9702745024373076,45.496867491295916,0.2,0.94375
162.87775917173462,51749.15165199999,5.541668722135018,46.473679846543185,0.26666666666666666,0.95625
163.02176988981662,37923.753758576,6.5031562092782425,58.07995758299321,0.36666666666666653,0.975
163.3125,59315.17533099999,2.9599393009555834,44.77995632451921,0.16666666666666666,0.9375
163.6962323358839,43131.029570556,6.3842663992954085,45.1707084455513,0.3333333333333333,0.9626228998803636
163.7696484980092,52445.964794,6.110556544296332,45.81246167434031,0.26666666666666666,0.95625
163.96343845817694,51086.628068800004,6.259254444692335,45.9053729354599,0.3,0.9625
164.0,59091.16371259999,3.0817820811657066,45.26579461442074,0.16666666666666666,0.9375
164.4375,58986.464446599995,3.0858765363704816,45.37121503507949,0.2,0.94375
164.50320185167593,56656.4283164,3.5358400422568934,44.496185576399505,0.2333333333333333,0.945146422345341
164.64661693120308,55793.528289300004,4.912085217788549,47.62687275786489,0.2,0.9371862375718364
164.80703888989518,43105.929682556,7.2427528878319745,53.17773930383819,0.3333333333333333,0.96875
165.50194523961352,57142.99461520001,3.724437071410029,46.94092125135367,0.2333333333333333,0.95
165.8885039192182,44090.688634556005,6.526307052141335,48.46370466612895,0.3333333333333333,0.96875
166.65943843936438,52858.442772,5.085322485595023,49.93607741410635,0.2333333333333333,0.95
166.89620251039258,37923.753758576,7.483981232908152,56.735444878103856,0.36666666666666653,0.9750000000000002
167.60379759026696,45635.871896,6.432373666892105,52.75379730195929,0.3333333333333333,0.96875
168.07021697312018,59322.540998599994,2.7609096379877665,49.483830267402226,0.2,0.9437500000000002
168.21638166449063,49039.995572,6.411809424772451,48.076110648208754,0.3,0.9625
168.5,60291.674993454006,3.0817820811657066,45.14079461442074,0.16666666666666666,0.9375
168.68492019412756,44811.500672,6.472638031951248,50.399588532053,0.3333333333333333,0.9644579973124492
169.27547089269902,57687.43407059999,4.150815931379112,50.034714506086715,0.2333333333333333,0.9398215415269112
169.34202368469718,59210.3011906,3.203071086104255,46.43604339542304,0.16666666666666666,0.9375
169.48559108380826,58670.0067466,4.355671869338621,45.14940660431788,0.2,0.9436629050799128
169.5135039192182,49483.642262536,6.526307052141335,48.46370466612895,0.3,0.9625
171.06772295083798,56123.0404246,4.998757781472778,51.98883548628486,0.2333333333333333,0.95
171.42926123213385,43217.630274556,6.531209223253696,51.2682678979645,0.3333333333333333,0.96875
171.80994986728896,59322.540998599994,3.1295206310460086,47.92017709641628,0.2,0.94375
171.81690226836238,60772.8837426,2.758444547550974,48.32920538833307,0.16666666666666666,0.9363057980493104
172.65041526506405,59120.15626344,3.613176172416925,44.8969110194695,0.2,0.9429641058270214
172.8199384121205,44090.688634556005,7.524928781320747,51.42964581155604,0.3333333333333333,0.96875
172.97089991087518,54748.796272399995,5.782092557961316,48.892787780842674,0.26666666666666666,0.95625
173.0303628058472,59414.0800106,3.2987797371828993,46.29286888255113,0.2,0.94375
174.02522542302094,51978.123270524,7.44174065353097,53.09609710375635,0.26666666666666666,0.95625
174.19190226836238,61359.479962599995,2.758444547550974,48.20420538833307,0.16666666666666666,0.9363057980493104
174.5,60044.5616466,3.0818043047033026,46.04608138744028,0.2,0.94375
174.96921778706178,59846.78348660001,3.5284862122233336,47.80660667333722,0.2,0.927739251461792
175.3709838388277,37303.38978,8.093646417137746,53.65019607306032,0.36666666666666653,0.9711294107544056
175.83082592472073,59592.05245014,3.654071084225704,47.52676289220374,0.16666666666666666,0.9375
175.97011739860318,59837.187062599995,4.3111156207530215,43.634002120210354,0.2,0.94375
176.58229550765313,61196.8550546,2.775435999836237,47.79161992723272,0.16666666666666666,0.9361679843550316
176.67799935704065,56314.443561500004,5.001768123587129,43.764151873434,0.2,0.8405809521262627
176.8939697045286,39744.80072856401,8.07800380099931,48.230747626809794,0.36666666666666653,0.9693118768612716
176.95354552093525,39744.80072856401,8.092094640291577,48.219372106815435,0.36666666666666653,0.96935429018436
177.52833474863354,52556.797836,6.15601492373687,51.10948018076574,0.2333333333333333,0.90597572056062
177.75145465311815,34768.878077784,8.631166258622331,49.048461445408286,0.4,0.9729098698475152
178.26758020132118,45689.746280544,8.339346380091376,47.955190311880905,0.3333333333333333,0.9621517462111028
179.265541514881,58639.92454265401,5.299865230091694,45.1671530755312,0.2,0.94375
179.5555677711522,60025.844858599994,3.970803006212616,47.07383879136992,0.2,0.93039971414412
180.11932598635002,56125.27270264,5.3786837385203405,51.8131806188025,0.2333333333333333,0.95
180.203041514881,58670.0067466,5.299865230091694,45.2296530755312,0.2,0.94375
180.2115745375179,61694.212643800005,2.9082561450573463,53.63662043562878,0.13333333333333333,0.9045267572356526
180.3438592184005,53222.499404503986,6.586808118910768,55.75710862494989,0.2333333333333333,0.9465020408928372
181.2813592184005,53742.810164504,6.586808118910768,55.63210862494989,0.2333333333333333,0.9465020408928372
181.2875292863325,60988.879286,3.174622997788455,46.54262786647889,0.16666666666666666,0.931873792530478
182.0003923948622,55559.7282072,6.285391354317039,47.858875517070636,0.26666666666666666,0.9252699382663404
182.58524795550483,57911.146175600006,5.713937309638719,45.30362233437035,0.2333333333333333,0.929585126126496
183.58455093200007,60134.3159384,3.412787521998558,46.95368458961382,0.16666666666666666,0.9354434015956328
183.70199480929955,39744.80072856401,8.631166258622331,48.71787588117598,0.36666666666666653,0.9662981585628692
185.07967488001015,31431.748547796,8.837060089317129,48.8146553436042,0.4,0.8915878683584665
186.40936918798855,62305.1343274,3.621513937291013,57.917244985722895,0.16666666666666666,0.9375
186.79282115029167,61501.1528746,4.244165290791944,52.715820092485,0.2,0.9064546567149911
186.84201528084927,54355.322482,6.938106725407603,53.095435229454075,0.26666666666666666,0.8225813824942441
187.14245314911338,60123.9433706,4.976101720546097,46.54349744746168,0.2,0.94375
187.327288506219,47107.964246544005,7.9014118903255035,52.02537260898592,0.3,0.8735013689061539
188.3129650603909,53222.499404503986,6.939525746854866,58.13225130252052,0.2333333333333333,0.9482698920303292
188.95276361714667,60417.965663,4.38071164854962,47.13302816527223,0.2,0.94375
189.34155932591202,38133.472688,8.729399271316604,60.065276891406604,0.36666666666666653,0.9682245259692014
189.74694991887424,37212.2749878,9.02201884242671,54.40218931343021,0.36666666666666653,0.8972431203221835
190.1928502360978,45726.786377743985,8.758729440525569,48.82410093897672,0.3333333333333333,0.9569610280284154
190.639788506219,48732.395566544,7.9014118903255035,51.90037260898592,0.3,0.8735013689061539
191.42599413260385,47860.52964759999,8.246858980312611,57.38869805658624,0.3,0.8691451199873388
191.843115310142,48671.032497600005,8.843852560489221,51.25922244799939,0.3,0.9429614423309872
192.05660983744025,49261.560188,7.872086170302732,47.58667864767796,0.3,0.9625
193.39351404333397,57190.238495000005,5.985051832179535,50.31838188223709,0.2,0.9334008772480724
193.60999310400288,61386.422258599996,4.375508465391419,48.580635806295994,0.16666666666666666,0.8539799845608143
194.4781843652753,53428.96169720001,7.3012816361714945,52.39358832979677,0.26666666666666666,0.9112676170419696
196.1935971072193,49740.1958208,7.6795963222061285,56.28975728790305,0.3,0.9028306509203128
196.4749469326508,56312.9193116,6.219060362373031,47.48866292267494,0.2333333333333333,0.8232177038584788
196.52056293029807,27080.439201787998,9.069356845047588,52.14224583468584,0.43333333333333335,0.9875000000000002
197.51137995861401,49740.1958208,7.892909165147938,54.36029399191452,0.3,0.894923321804331
198.22909621159454,61501.1528746,5.00328511094229,52.63401208276489,0.2,0.8694639380956071
198.8603792995424,61636.7236034,3.8216572874218855,61.98538982677732,0.16666666666666666,0.9375
199.06150595019116,49507.364850524005,8.983614085469846,51.3680997488412,0.3,0.8727667035419151
199.1000292863325,62510.8344984,3.174622997788455,46.54262786647889,0.13333333333333333,0.925623792530478
199.9797361077185,34532.529666576,9.108627363178032,57.55167906886244,0.4,0.9790327016956212
200.7353792995424,62468.83503059999,3.8216572874218855,62.36038982677732,0.16666666666666666,0.9375
201.30234321415602,49779.2938368,7.875683017309911,54.43231649354746,0.3,0.9008703990330089
201.8450722392852,50179.247083392,7.671729722566293,48.15258566481121,0.3,0.9513507074667364
202.5803336328664,49779.2938368,7.892909165147938,54.69822423686468,0.3,0.894923321804331
203.07844537851352,58986.464446599995,5.067073571840516,59.228357961103754,0.2,0.94375
203.25918214895387,37510.777974567995,9.045068128680578,46.967855518921965,0.36666666666666653,0.7092699163520007
203.3478309948576,58348.1221396,6.219060362373031,47.42128170637879,0.2,0.8164795822288642
204.05674486456329,54992.9545916,6.399493532996157,58.29743585066308,0.26666666666666666,0.95625
206.37338355416267,61505.96382666,4.6507142456249735,44.46283012945736,0.16666666666666666,0.9100839333725708
206.6178974369212,40123.5431198,9.02201884242671,54.40218931343021,0.36666666666666653,0.8972431203221835
206.76709294842212,50183.161248000004,7.565996975453598,49.206305944262816,0.26666666666666666,0.8681183580872224
206.98238716321615,37091.280880176004,9.333833954975306,54.716627106128655,0.36666666666666653,0.959547931648854
207.45280881085674,58451.92818119999,5.672323709988074,44.85974062478958,0.2333333333333333,0.95
207.47252595541613,51404.385326516,7.474130127859948,58.61895821070311,0.26666666666666666,0.8549042477001878
207.50380037526764,57459.938736000004,6.684681727060712,47.53592539919555,0.2333333333333333,0.7810755978136001
208.81108018116547,59881.265422599994,5.185690419427899,60.00101865320249,0.16666666666666666,0.9375
209.31251910821828,50183.161248000004,7.824036857720657,49.619115034326754,0.26666666666666666,0.8622048091650208
209.84352189653373,59494.13767499999,5.605852783958178,41.47946366583303,0.2,0.8012776712287929
209.89423505568402,52582.887208,8.080506865312211,46.35266518134779,0.26666666666666666,0.8035253350513764
211.2141824137233,53629.1320168,7.335052372530855,55.22331301366625,0.26666666666666666,0.9016032092182682
211.64327707219036,41081.398544,9.117324601474168,55.32105694197628,0.36666666666666653,0.9377951385151334
211.65901357009884,38264.556519776,9.883677704845766,55.15605933950759,0.36666666666666653,0.9747245997821986
213.13599126707996,51665.152054524006,9.305780447890363,45.92689731537199,0.26666666666666666,0.9094095319804492
213.43213184344032,52747.456241199994,7.431749338391083,49.20492101079673,0.3,0.9100553975970118
217.11428035896114,40653.931312,9.362446612622128,51.25894883590948,0.36666666666666653,0.8409344925745577
217.38171667984608,54253.19775680001,7.268790604322004,60.97500942509125,0.26666666666666666,0.9190979546828906
217.6812414906551,55671.25417280001,7.589212123808738,56.54523407479682,0.2333333333333333,0.9221189695389721
217.88202493463538,62633.485469800005,3.101755368884616,58.22669845597033,0.1,0.9238619120436792
221.8744860561716,59727.805423599995,7.053427563902512,48.02159353338479,0.2,0.8513998456746684
222.6969556353654,32851.791352576,10.36910241958334,55.25190936174074,0.4,0.9740930655803732
223.5551585067076,56804.79316080001,7.860376132046697,56.396399375882304,0.2333333333333333,0.8926213758689787
223.98495138319612,38692.951002576,9.391264905601867,60.52400915356379,0.36666666666666653,0.9518984119476488
224.789630754545,61452.12893780001,5.016297357318145,67.63647044275017,0.16666666666666666,0.8592098703443816
224.9777798504277,37091.280880176004,10.155250854618473,55.64178303848377,0.36666666666666653,0.9670447830725004
226.0790718405693,57811.90708200001,7.750951735709608,49.852322822965604,0.2333333333333333,0.7256624125494888
226.4740338863276,41356.585563199995,9.41889613635674,48.554538614333744,0.36666666666666653,0.9562800108012122
227.41303834775368,38443.576174576,9.624520257900944,56.98130414928057,0.36666666666666653,0.9724572065401546
228.08352913146942,40653.931312,9.773114387132036,55.0075816848659,0.36666666666666653,0.7755628938699639
228.10595028715443,38690.514958576,10.29163768211538,55.37338920231676,0.36666666666666653,0.9594821903300133
230.28365839073447,38692.951002576,10.387661745905511,57.735019825043935,0.36666666666666653,0.9450101967692452
231.1840984462647,62321.0089354,4.399367546495363,58.02186821121809,0.16666666666666666,0.8425445766233753
231.27033490323163,54386.62998319999,8.069015124852251,42.51857015826533,0.26666666666666666,0.7343026893421116
231.68166689244708,43670.7837276,9.551571618170367,55.09126617230322,0.36666666666666653,0.9446857374656932
231.72822352192108,48994.070194,10.411171346990058,57.17797840909816,0.3,0.8038983534647116
232.42754680139888,54506.2906008,8.081273825882482,51.4913683106095,0.26666666666666666,0.95625
233.5922527014739,62633.485469800005,3.4506164450955112,59.589480847715905,0.1,0.9125260951534552
234.08335441541885,62862.834817799994,3.101755368884616,58.09962920514066,0.1,0.9238619120436792
235.60332657593392,62989.359847,4.27887269778658,54.74432800761448,0.1,0.7727742247240685
237.80657460773045,54130.268330524006,8.8670893651131,44.976997565731466,0.26666666666666666,0.7982669151256164
239.77618792710751,36295.757782564,11.043515740239744,47.71981488397161,0.4,0.9190432794196096
241.92423761121404,54946.93962511201,8.102904175165465,48.929744396411934,0.2333333333333333,0.7109516747488931
242.22276635481845,49102.727466000004,9.499631626549858,53.50664491203838,0.3,0.7629239879356097
244.82161501123326,58090.242171599995,7.311232907725627,48.45216111382858,0.2333333333333333,0.7549627687319896
246.2737248859334,55751.579356,8.158884212932758,46.56942478645257,0.2333333333333333,0.8518480014432814
246.4728317657701,62993.83734019999,4.006619833326414,42.522825140490774,0.13333333333333333,0.8497361126215693
246.9497063022337,42680.47538655199,10.892794272855127,46.258666222501724,0.36666666666666653,0.9067328348274666
247.130489869034,54979.188004,8.511861962821307,50.2404879755926,0.2333333333333333,0.9050428145895428
248.0109485987164,63632.56247585401,3.5991008123554318,47.35717491481389,0.13333333333333333,0.9254271449544792
249.32580626154945,58090.242171599995,7.915055442699049,48.25546533159808,0.2333333333333333,0.7251153847655732
249.71126813830773,60381.993018452005,5.3672483078527415,47.50446108284403,0.2,0.94375
249.74932603264213,63259.73616465199,4.6150338604353385,55.22357704530429,0.16666666666666666,0.9155032132358492
249.8312406246194,60540.517679,6.387494422053063,43.44282427977822,0.2,0.8425923481343256
250.48843603181425,55543.540515999994,8.211825864415719,46.3910186919506,0.2333333333333333,0.6170016243123212
250.92612455696548,64213.6069714,3.990241077980485,54.62515875294008,0.1,0.7938031497677939
253.20014785593884,59590.8381324,7.210589979682556,46.55735819114069,0.2,0.7147908559826858
254.637772827514,60671.9805576,5.354269895174485,50.8404678583468,0.2,0.8042990561755691
259.65394688678884,61741.8595236,5.783066396152713,51.94584758407967,0.13333333333333333,0.9046591730775796
261.50172134214307,62908.7165662,4.631797765575424,68.82725377261522,0.16666666666666666,0.9129111534042592
261.6031479845996,34862.906706576,11.255836093351832,61.46906983514712,0.4,0.9642317671383848
261.6319636867568,44679.600676,10.608644649008744,51.35502218687951,0.3333333333333333,0.8077380944637835
261.9212119283685,60660.06041066,6.146344403819032,43.88922831810314,0.16666666666666666,0.7791923228262043
264.70361074097514,64220.42843380001,3.6117651523479855,65.71504652582907,0.13333333333333333,0.8951243182740715
265.44441398755345,62944.12433,5.886495853428401,46.00424646839963,0.16666666666666666,0.8758091826489178
266.8569556666563,39229.504430564,11.815255737937724,48.367768556615374,0.36666666666666653,0.8947683108964265
273.0375853114138,50428.1986752,9.36000452679784,54.23451895784218,0.3,0.7691403054818278
274.4371486742522,64232.71977919999,2.7703331768399577,63.72199712771378,0.1,0.8984788591405509
277.13822093379844,58789.51819820001,7.604816539241044,46.67806773644884,0.16666666666666666,0.6972594067157363
277.65363779571203,56654.73673244,8.864243506086796,46.98307109825598,0.2333333333333333,0.6698389112869481
280.6734228592725,54977.0708786,9.04601191484388,57.75350675431752,0.2333333333333333,0.7159547541021625
281.4230662265299,59082.1482352,7.410528519056799,45.29232128742721,0.2333333333333333,0.6566397052131944
281.44429174121245,63070.518340652,4.960157489074066,46.00728060351181,0.16666666666666666,0.8378688263637922
282.6511403281617,64370.313239999996,4.053021212850308,51.78746335429893,0.13333333333333333,0.9230341055028026
284.02050661039834,59082.1482352,7.523857681664473,45.2623498929792,0.2333333333333333,0.6530762761307851
285.280392786104,59311.665605400005,8.44753663048455,47.398040121305215,0.2333333333333333,0.823252502625514
286.5076934257653,62051.06192759999,7.038726987616088,40.786847223711256,0.16666666666666666,0.5765398435315534
287.02743283844865,45264.498228552,11.184843272978467,47.188520646889906,0.3333333333333333,0.878544871700005
287.9371715144885,42110.524744564,11.782076203942248,50.30897103730868,0.3333333333333333,0.8227412694823921
287.95593716893904,31722.231229124005,12.049011044278032,60.59691257946874,0.4,0.878959215389516
288.0519108474849,59600.6542436,7.915055442699049,48.32000883924131,0.2,0.7186610340012507
288.4474315098489,49334.897110524005,9.43904832922493,49.34504486436251,0.3,0.7325854099579767
290.0294235377787,31722.231313124,11.973686048940284,56.48024133396032,0.4,0.8720391709801489
291.8066499912129,50578.68928000001,10.144259062902274,50.463990229376456,0.3,0.8821078506455168
292.91204677532875,52044.5322392,9.41889613635674,48.22725776266378,0.3,0.9431887767344141
294.78741461170836,44165.926736,11.6660260384748,61.839382265268185,0.3333333333333333,0.919541384286544
295.90957731969416,37972.204106216,12.436067792883186,57.691542329242886,0.36666666666666653,0.8114642506293808
297.19743721602435,50677.628728,9.697872805742657,57.95595201507007,0.3,0.8102984682197729
301.58002429824023,63259.73616465199,4.8358405266535645,38.86874308047196,0.16666666666666666,0.9329600634758222
302.4541330034276,63957.19187180001,4.855549707008379,56.443685526634034,0.13333333333333333,0.9283484511126068
303.259318479425,46419.492843352,11.043515740239744,47.14423043466109,0.3333333333333333,0.8906255640023291
304.3096329888117,46563.997796544005,10.746648811989974,47.95471719822977,0.3,0.6657139529556371
309.01285335941714,46466.574112744005,11.410039265571434,49.44663682670374,0.3333333333333333,0.8632080716262683
309.19622062727484,60208.54381924,7.417200926311827,56.263694632366715,0.16666666666666666,0.6990107213173791
311.4144660246055,57130.570763292,8.448561183692954,50.47600111058957,0.2333333333333333,0.5432150855295395
311.93800423757324,54750.8904852,9.941752620404971,39.75270764443106,0.26666666666666666,0.7885113342536295
314.41542252487886,59311.665605400005,9.798737872352806,46.77527321207254,0.2333333333333333,0.7830053780035962
316.06217151448857,42122.915628564,11.782076203942248,50.49647103730868,0.3333333333333333,0.8227412694823921
317.5849346613961,52716.1358608,10.007376382299434,46.55172654380449,0.26666666666666666,0.7445455339940688
318.09392076524153,46744.529527744,10.865598946090703,51.71149931022377,0.3333333333333333,0.8028200543901681
318.3116129209658,46563.997796544005,11.457850907869256,43.85491886676173,0.3,0.5991161155977668
318.6242393277136,50364.208880532,10.746648811989974,47.42454659308527,0.26666666666666666,0.6126968924411856
318.6682182346088,52289.93074319999,10.241792451340974,49.816164804250896,0.3,0.7848766814553385
319.38859120007163,64220.4284618,4.200122392517119,62.780927208815385,0.13333333333333333,0.8343250659927348
320.96649814942293,64377.09741920001,3.5058203170034647,57.187463867483466,0.13333333333333333,0.8827072297413805
322.76173006808995,38537.693901532,11.998341935727439,62.167506316695786,0.36666666666666653,0.8973207356648635
325.1768834021576,62758.657673,5.927076148067938,46.11270825267585,0.16666666666666666,0.7866116758845301
325.4893239167916,64255.64003740001,4.1726410127307485,54.65347964086389,0.1,0.7821437023778708
326.32627516686813,40978.59888255598,12.138027356494913,57.01627239329997,0.36666666666666653,0.7767873165354487
328.98983717023737,63069.712623800006,6.022605306121489,52.28430430713704,0.16666666666666666,0.4829217186556327
329.4455656844598,64269.77926540001,4.786690839839214,49.68484647575221,0.13333333333333333,0.8600797749422221
329.51840566913637,64248.23339172,5.1966565850421915,56.33434010173386,0.13333333333333333,0.8221719876720467
330.1078430784663,41084.732102564,12.186230031566858,53.14374909697651,0.36666666666666653,0.9132331837542582
332.1318408878042,57157.1644428,10.204593622007934,54.811536719588034,0.2333333333333333,0.5710688499423686
333.197939668808,51303.431647332,11.561858515291727,40.74319840346058,0.3,0.7135342815550945
334.29566105615083,54750.8904852,11.046819558121467,39.711729977201664,0.26666666666666666,0.7624443266739614
334.6662658484606,62272.7879742,6.970906038798975,49.56061166253429,0.13333333333333333,0.7729647399880317
340.10439158088286,64326.86182180001,4.827628516274734,71.83501714984037,0.13333333333333333,0.7121617110703764
340.82206460197165,64768.818619000005,3.2895903492330354,57.31320216088207,0.13333333333333333,0.9120987750247253
341.0613877291452,40957.572918564,12.248470269738881,53.1099476268156,0.36666666666666653,0.773755744194365
342.36443010410727,63696.12686954001,5.23634307843671,45.79076496460287,0.16666666666666666,0.7716086062495612
343.09889316845823,65080.041209,3.6247497983428674,61.21202564157034,0.1,0.7437258018963064
345.6254296570131,60820.0927652,8.041338202473243,42.04176610115505,0.2,0.778560752334508
347.86602332569464,44970.938240555995,11.852980097058667,48.94494133968158,0.3333333333333333,0.8009097141602228
348.3353104473477,65391.77421,3.7128838801412054,58.264037892467144,0.1,0.8702114583272895
348.8193160072476,66411.2315928,4.323157754264445,52.914020881211975,0.13333333333333333,0.8971833583026454
350.1152382688681,60556.3229094,8.620615240704247,44.55635046360013,0.2333333333333333,0.44639811990132255
350.5090421275258,64725.41755780001,4.625879441335075,40.704899223856884,0.13333333333333333,0.5520096974869313
350.89221280057023,45038.630970205995,11.652981752621837,56.04572344145935,0.36666666666666653,0.7387599064717367
351.18996735429886,47096.593666544,12.248470269738881,53.2526036778741,0.3333333333333333,0.7666229416414398
352.07500069577566,63069.45367784,6.5247008317549255,40.85632204986129,0.16666666666666666,0.4075131842296086
352.31162864151673,61562.9616796,8.49450889630619,45.74355797293275,0.16666666666666666,0.6871325167129444
356.7833545768847,64475.1206796,4.630490683687073,55.55362203995717,0.16666666666666666,0.8351917456318325
357.5222327926278,55510.94950519999,11.36966082239861,39.65060239038501,0.26666666666666666,0.7235594077263635
360.8025498767595,63536.4837936,5.623539732999852,56.231529404997424,0.16666666666666666,0.7962230802803242
365.7244629016367,38073.7234072,12.630825652785974,45.94552955918263,0.36666666666666653,0.744231190798025
367.92905263435637,64248.120353652004,5.208233040044487,61.623640149870006,0.16666666666666666,0.8038808602120882
368.2339701014971,46061.533230544,12.391958344303715,50.110659386639135,0.3333333333333333,0.7653349647865609
369.30160345624563,43529.485308556,12.696639825279187,60.23282761245714,0.3333333333333333,0.8277550687758761
370.68055645446594,64248.23341372,5.1966565850421915,56.73789059962925,0.13333333333333333,0.8221719876720467
373.5186217464008,62865.16583999999,6.620766139587655,46.28426449752457,0.16666666666666666,0.7631043730407747
373.9438117835405,63950.640091852,6.159537959313532,44.898134823071366,0.16666666666666666,0.8366187456987789
374.40088095331254,64118.84029566,5.634820291855023,63.5556300043254,0.16666666666666666,0.5745284773924734
375.0466061283543,61733.39063740001,9.340905508538507,48.545317617789486,0.2,0.7839634559740772
375.6971194844487,55555.37017184,10.981044153077669,48.09178422589461,0.26666666666666666,0.7766632774891472
376.37223073914413,31722.231257124004,12.739853015189938,58.82469349236525,0.4,0.7834506593742666
376.39318459770635,41514.218669356,12.87357234852333,62.473223619490525,0.36666666666666653,0.8286596296904595
377.94241640541014,27362.74607058,13.249102392671904,60.7559537257649,0.4,0.8491984196829433
379.2585655962818,46061.533230544,12.420214450486755,54.975653162102525,0.3333333333333333,0.7274200217435378
384.35867325730567,57332.51603119999,10.245492060931102,49.16222835436777,0.2333333333333333,0.7403002636710967
386.4468129530615,63923.8025348,6.492593871607988,55.60546803899871,0.13333333333333333,0.5011000521756258
386.86654016270296,63069.45367784,8.14849012945377,45.00984890908978,0.16666666666666666,0.5239899337750523
389.58073852598585,35238.682386575994,13.329285854183176,57.91843679170747,0.36666666666666653,0.8323929413404999
389.66777860953766,46689.326072,12.409753686135245,53.70745625351076,0.3,0.7161618358538134
390.97663434673166,64308.08243900001,5.25200361496344,50.778894706913995,0.13333333333333333,0.5446992876913813
391.05173777606456,63923.8025348,6.941160627632084,56.01312138888258,0.13333333333333333,0.4857616030726973
391.28047924641,61896.006058800005,8.880602552027014,42.6422275336558,0.16666666666666666,0.3648875350529488
393.4249353954305,57422.693609692,10.285653706981817,43.35920225124364,0.2,0.7250005491742973
395.57235255031344,65987.70730980001,4.701790957763492,64.89844745556219,0.13333333333333333,0.4745545260899039
395.9928767520878,55692.47697958,10.331234362470347,44.150523903582865,0.26666666666666666,0.8206765492230123
399.67870307153765,47516.42172,13.08341277882406,52.89558129562878,0.3,0.6618681197225913
403.78858152857356,55735.451988,11.016993519165778,51.58777431905076,0.26666666666666666,0.721442390767864
404.2025022386722,48182.383619199994,11.947549354662915,41.17597102267817,0.3333333333333333,0.7651364692084521
404.73717782365236,64643.22140360001,6.058778193614844,55.1924171183629,0.16666666666666666,0.6420899879276322
412.5859943448937,48968.406151999996,11.942129683077193,51.22548267789579,0.3,0.5315132571566894
413.02716403175384,65085.9277018,5.875400326294957,63.5764786752926,0.1,0.6473327263563856
413.41710372020674,61896.006058800005,9.525620474742773,39.968887504613406,0.16666666666666666,0.4820095061452606
416.1608391978048,56839.31422120001,10.60344407196107,56.91017043069273,0.2333333333333333,0.6401620901856865
418.0438974581936,55850.250348,11.513767826991975,57.46176939819637,0.2333333333333333,0.6721382086440606
418.7768793860536,50692.49077719999,11.81283181967617,56.24405266499922,0.3333333333333333,0.8259564681404801
421.8976325098115,65173.82784766,5.604662404583388,62.549574982977546,0.13333333333333333,0.5419640606188694
422.46222901886216,54138.471741999994,12.582683030766535,46.5891779864746,0.2333333333333333,0.5918062464110245
423.72893825381556,49293.1544872,12.630825652785974,45.93637113620346,0.3,0.7163875932151124
430.5226325098115,65361.26925966,5.604662404583388,62.612074982977546,0.13333333333333333,0.5419640606188694
434.67838930733683,63923.8026468,6.676571622613008,54.16961934520874,0.13333333333333333,0.5847545821531194
435.49948055642113,55056.0803303,12.122673124772193,55.599122277841246,0.26666666666666666,0.6425400254670635
435.8763730548909,58036.285449692004,10.006273046787314,40.82178677544878,0.2,0.7178808090665959
437.7353714523098,50554.140296,12.997742356359938,61.069597024018314,0.26666666666666666,0.5928582132745136
438.90958088239057,56424.2197222,11.196135021911962,58.447091232595156,0.26666666666666666,0.7118875735235584
444.41354266554885,63894.39095468,7.64139275165321,54.81399277971229,0.16666666666666666,0.7454116374695237
447.77232859469336,59311.665605400005,10.380838870085167,39.81554492740226,0.2333333333333333,0.6655920365053333
451.1499645580793,59638.46463768,10.440061613012512,44.17025568490801,0.16666666666666666,0.5795177932500651
452.0344029915696,66323.24151379999,4.391443371197459,58.9227840181786,0.06666666666666668,0.7855688158787923
452.6788297155592,65017.23764580001,6.299905705580715,41.38618195928367,0.13333333333333333,0.25505947271790663
456.24436036304877,41462.628358564,13.329285854183176,56.807376427756424,0.3333333333333333,0.7768399231429475
456.59635302658745,66671.060254,4.294901204153868,58.8996737357099,0.13333333333333333,0.565043731486747
456.87078164844667,58036.285449692004,10.570774274184418,42.82846567563094,0.2,0.6442088115273157
461.1911953041694,63950.640091852,6.5298492558845,46.00048887740598,0.16666666666666666,0.7726704265322064
462.1117936841944,50169.827712,13.08341277882406,52.89558129562878,0.26666666666666666,0.5754465096406132
465.7711626110345,60706.55651504,9.798737872352806,49.6582396899041,0.2,0.6388570541120193
467.5090020365908,63947.15371484,6.592528642825305,49.194358209994704,0.13333333333333333,0.7980566049665443
468.46681927778127,62230.50684624,9.942898841309193,45.883760005928146,0.16666666666666666,0.4085680808959511
469.2997464209385,55971.02931240001,11.441790784516414,60.50857031001172,0.2333333333333333,0.6703393490537565
475.271409930083,55604.9774648,11.58172305693436,49.93255004969762,0.26666666666666666,0.5310472102717705
476.5820406401672,51276.12011999999,13.08341277882406,52.53382512172944,0.2333333333333333,0.5633879705106357
480.5535666967497,64352.16888945201,6.480388402280493,54.62768284410318,0.16666666666666666,0.7823099272273191
485.7908248965116,62832.124128,8.49046880085954,53.9806901044596,0.16666666666666666,0.6092114326241973
488.6659942887603,55971.02931240001,11.718990854662962,59.13676583623492,0.2333333333333333,0.6401978344355247
488.74888767274933,57424.1418684,11.441790784516414,52.728913809287384,0.2,0.5406784073750177
494.84379741803855,57534.21581,12.145183186394075,50.97349028379347,0.16666666666666666,0.528418915317179
495.757390568303,63950.640147852,6.835712962487547,46.79796264115127,0.16666666666666666,0.6151649948810218
496.67511621001836,41638.557662164,13.33303743043519,52.38997422689693,0.3333333333333333,0.6874556541034769
497.1628561883159,57837.18596906,11.016993519165778,50.81136988951712,0.2333333333333333,0.6858000368820983
498.6218136349947,64235.508902,6.981439302390926,52.34352902375288,0.13333333333333333,0.6259219585690131
499.4127701701152,64066.77455739999,7.6014504923251405,43.53249921865758,0.13333333333333333,0.3827913958526236
499.8892410818631,58547.712048648005,10.8822215460025,60.09514688824481,0.2,0.548576762877465
504.8800227692593,62968.01703744,8.842290136036072,42.87014094062766,0.16666666666666666,0.3639772045627036
508.74042516593147,58630.95501200001,10.787989817557264,57.87283388003358,0.2,0.4980163492836389
510.1901458160305,65337.792887400006,6.609458419637709,58.54724385367573,0.16666666666666666,0.7736448359429022
511.10415046536866,57861.759789732,11.238672563147556,43.151997867897826,0.2333333333333333,0.6533504150783441
512.74047174421,55781.5997208,12.2609165344606,47.72494094369666,0.2333333333333333,0.5909717374147431
513.0035879319049,63888.38057166,8.023368157611937,46.988516482757824,0.16666666666666666,0.7554781598400767
517.9081914365046,55204.45761320001,12.559059002489724,52.87585721503756,0.26666666666666666,0.6961080609836375
518.175403516008,54538.673491999994,12.582683030766535,49.779617136379464,0.2333333333333333,0.5918062464110245
519.3777573906674,58376.8636092,11.36966082239861,36.653277860791675,0.2333333333333333,0.5736931812466972
525.1144449976364,64405.7098552,7.2971215682195805,53.91592150647088,0.13333333333333333,0.6429639582999871
533.8211444770332,65017.23764580001,7.955029362308036,48.71752459700561,0.13333333333333333,0.4199138488714586
534.9599772373915,66654.81707228,6.295362314074426,58.51679406350654,0.1,0.6316607433483228
537.1475340151204,66949.5897314,4.609372141502413,41.45858892153967,0.1,0.3651428403835888
540.0772079129271,65396.696181512,6.483676824632477,58.72662673856265,0.13333333333333333,0.5913203169994488
540.6417832760836,63982.2893982,8.068031162535185,45.648206533487034,0.16666666666666666,0.589294242862245
541.6480150469424,63366.0700414,8.842290136036072,44.095740683217095,0.16666666666666666,0.3639772045627036
541.8166909402148,60970.3451828,10.252708537537076,41.54299367895227,0.16666666666666666,0.41761506503369866
541.8376689581407,63958.50256340001,9.08405101228876,39.7247407328597,0.13333333333333333,0.5285762120996923
542.2997713309367,54112.7674076,13.044734819014316,59.97498778447873,0.2333333333333333,0.544867851488217
544.6996780102439,59054.8148452,11.428819782893619,39.26339628140154,0.2333333333333333,0.6256361912574737
544.8069152489436,65640.58861166,6.6374905413939915,55.032401431474234,0.13333333333333333,0.4477361522967359
546.7518515740036,65085.9277018,6.6650498417336825,68.06643941016989,0.1,0.5373360878302582
546.820883754854,42336.910786544,13.09691136179375,48.78246266572732,0.36666666666666653,0.7836632487929697
547.1996780102439,60646.09382919999,11.428819782893619,39.45089628140154,0.2333333333333333,0.6256361912574737
548.7639794814794,62968.01703744,9.599134641055826,45.741059376745504,0.16666666666666666,0.3417546684005146
549.1718707856684,61562.03047926,10.955611282384124,46.37323381914725,0.2,0.4484843049224009
550.3553172912492,39328.225549816,13.429325337075007,66.18312000421821,0.4,0.8860363235841404
550.5146635219793,62968.01703744,9.649264663112502,45.31104693282068,0.16666666666666666,0.3478125899917299
550.9251542892646,66765.77570905401,5.13661287006968,43.905053671667545,0.13333333333333333,0.6660956885268438
551.6710309836566,62968.01703744,9.653876631340305,45.289402879414816,0.16666666666666666,0.3494180814874118
558.391717503907,66654.81707228,6.863301034391236,58.83927005716021,0.1,0.4949459967133588
563.9101476145238,43627.806749816,13.526126764265296,65.57065782622844,0.36666666666666653,0.8353501814800689
572.4100592670052,46954.626252544,13.33303743043519,51.51610949931632,0.3,0.6583268298507897
573.7503779616798,64204.437408000005,8.597827302282317,53.74804856001272,0.13333333333333333,0.5312880657125559
574.3349772373915,66654.81713067999,6.295362314074426,58.32929406350654,0.1,0.6316607433483228
579.0238502479123,63513.4223928,11.111111012365267,49.42262758560786,0.16666666666666666,0.41807106412280703
581.2067098139521,55222.44609600001,12.582683030766535,48.99375795139397,0.2333333333333333,0.5918062464110245
587.1380416999742,66962.4999844,5.441780823619107,47.12333870087435,0.06666666666666668,0.4396875700321896
588.5775117283637,57895.85032364,13.255918828918455,49.80117424107016,0.2,0.413034349658932
593.154666568362,58921.22535,12.145183186394075,53.15817626491176,0.16666666666666666,0.528418915317179
594.9544042872782,64405.7098552,8.230673042481634,52.05470622902403,0.13333333333333333,0.5488530112205825
596.4633132796931,59597.881088400005,11.548223077303767,49.297260733843615,0.16666666666666666,0.4759470644912257
608.7205961801237,45429.413753835994,13.3937312770214,62.999731915604755,0.36666666666666653,0.8040643416698032
612.7193849446289,65038.121411,7.155133858638765,52.69261671079694,0.16666666666666666,0.474451154832808
614.6440643579872,66055.63087380001,6.915825792745726,48.3423984649539,0.13333333333333333,0.6124444590160205
620.3452730974914,64099.21855599999,8.714835606804078,50.315581321280156,0.16666666666666666,0.6241053399947253
623.4144950322521,65336.39915100001,7.171047972374012,53.40715446308254,0.13333333333333333,0.470906128417211
624.5957674684902,64210.45501599999,8.470903850095324,48.361200609888286,0.13333333333333333,0.6232784416939758
626.8853006189544,57988.477189,12.22173858960219,44.946453481252156,0.2333333333333333,0.3938182407866206
628.9596671604722,62538.487912,11.135771916667686,53.54106073653463,0.16666666666666666,0.5078259762942265
630.6136110224585,61732.519058472004,12.432202783333318,45.93447534067916,0.2,0.6479138873716087
633.2909797651989,67153.18707764,4.227995999779502,67.41653701804644,0.06666666666666668,0.6061866515571529
636.2271453099686,45222.444065835996,13.429325337075007,61.847414154703344,0.36666666666666653,0.8177416668429542
650.6991707485734,64762.159867999995,8.271100841112954,52.15292815962422,0.16666666666666666,0.5210488465605616
653.3126349584747,61954.64701334,11.334909982828464,52.877867553764354,0.16666666666666666,0.5540643124144962
656.190684653078,64204.437408000005,8.970355290949676,53.657865325611404,0.13333333333333333,0.5185045397262719
657.3273433103151,65450.34591,7.568241487979892,40.43515814138185,0.13333333333333333,0.17529773369777638
659.380627015602,61954.64701334,11.700395695027614,52.56109900740682,0.16666666666666666,0.5404354917965335
660.5720387399039,62538.487912,11.359684937241333,51.96171998271251,0.16666666666666666,0.4485964760493116
663.8339347999753,52340.027965,13.306746827574091,58.51356201514646,0.26666666666666666,0.6122018292965503
671.2700753068306,66869.13755819999,6.104865374070383,55.382259155681936,0.13333333333333333,0.6820461767262399
671.7275165996617,64257.351822432,9.3005970575755,51.42992281139093,0.16666666666666666,0.5445993044694332
672.6856066881655,58879.18013200001,12.582683030766535,51.060394064161116,0.2,0.4900142917993439
675.8720415780996,65296.175574612,7.905443727226308,47.87496936531578,0.06666666666666668,0.1520473655559698
679.4874680394761,65613.727044,8.019228765166707,53.54594691787477,0.13333333333333333,0.4843464051455214
680.4407901005678,64405.7098552,9.073389066931338,53.61816095620887,0.13333333333333333,0.5011952737191454
680.7210932277662,67038.6401,6.751483417095095,69.77587621561771,0.1,0.6463089096911131
684.4740529910017,59712.62703599999,12.591667101585756,51.090839931458255,0.16666666666666666,0.4837283610998799
689.2434366813966,67477.04976659999,5.061471625865777,59.50889853645045,0.06666666666666668,0.5594115922897138
693.585409964315,65542.63061719999,8.466111149343298,52.57664587387916,0.16666666666666666,0.4463223670082437
697.6900219945597,67105.59906479999,5.952932178138906,54.203872014213744,0.1,0.4977038936956506
699.5765514597531,63869.512596,9.50807957271531,55.79224187929404,0.13333333333333333,0.4812116778207965
701.4791541776576,67593.55347479999,6.1831946530394735,41.56101474354513,0.13333333333333333,0.5481589497845322
706.7483548873349,64410.06975154,9.326891983678127,56.45963885163467,0.13333333333333333,0.37592080947446616
709.1843964987047,64702.2807822,9.204581349894324,48.681130317276256,0.16666666666666666,0.587506509947383
711.3713990274587,62184.630666472,12.432202783333318,47.72909285190138,0.2,0.6479138873716087
713.3781998805925,67609.08978000001,4.819719422185877,55.172512931671314,0.06666666666666668,0.5488663126522254
714.7343658270772,64099.21855599999,9.678425121187775,50.37511507966591,0.16666666666666666,0.5531935959901393
719.9978972571647,62467.92239884,11.858736018572767,56.77789969431118,0.16666666666666666,0.4223759643870984
721.4043632646823,63837.81994580001,11.111111012365267,51.01283297822402,0.16666666666666666,0.3597841612410012
723.3693901876356,63837.81994580001,11.161875043361471,51.049593391081714,0.16666666666666666,0.3623405348503103
725.5158849548361,46271.162825855994,13.429325337075007,60.096654553823576,0.36666666666666653,0.8177416668429542
728.4051220689254,65671.73441341199,8.096558125282293,44.72687615518509,0.06666666666666668,0.4796948728622506
729.723753120913,64149.7899618,11.111111012365267,50.45820698780863,0.13333333333333333,0.3320528617202313
731.8949744906012,65718.9746162,7.535399902527819,57.179692805829674,0.13333333333333333,0.6925722687309938
739.1868652823352,61501.193591999996,13.268882174246258,55.64856427659721,0.16666666666666666,0.3354497070442829
744.800156930658,63709.757545399996,11.531018237079435,43.55721619740019,0.13333333333333333,0.4578581572793724
750.2940899422839,65795.2903142,9.80045317417421,52.36177494901062,0.13333333333333333,0.31884861067495124
754.1185148061766,61501.193591999996,13.63314707730104,55.18175217463936,0.16666666666666666,0.3714359867000551
763.1026759625937,61501.193591999996,13.796814768909323,54.246778774879076,0.16666666666666666,0.34856097442983874
765.0302173599464,67144.01181740001,7.8269570676462115,49.74799575107113,0.1,0.5349771813704276
765.5061463812697,64595.068632,11.485020679379653,49.374292146627,0.1,0.3159624204929363
765.8878554833684,62538.487912,13.656399353832974,54.62104868837378,0.16666666666666666,0.3577178433479912
767.9023848678569,66567.64493400001,7.893408469903227,54.7427140405025,0.1,0.5416700350912993
769.8559568897673,62680.029350452,11.599933968583484,53.46566897761957,0.16666666666666666,0.6401484286386478
771.5771796152852,64956.1097934,11.531018237079435,43.91424316652854,0.13333333333333333,0.4578581572793724
775.5863854188518,65461.616270599996,9.846154271084977,61.94296136489739,0.1,0.4766630155811186
777.2165356613347,67916.523854,5.830244883849209,40.61544746987863,0.06666666666666668,0.026586716111404944
780.1623001434608,64834.43884140001,11.938496221443383,45.13792960320997,0.13333333333333333,0.42725014342890144
791.0587276987038,67194.49680319999,6.581887934907288,58.93014664107629,0.1,0.4728631175340303
791.0686780678493,62680.029350452,12.432202783333318,50.00615796734111,0.16666666666666666,0.5720117168569507
807.4694165691652,61501.193591999996,14.089517546487851,55.61771350485511,0.16666666666666666,0.31855240714463834
808.7721118827889,66261.01112000001,8.096915011680004,55.169783280277855,0.13333333333333333,0.2282081986138575
812.4585662228424,67871.4779266,6.9398929298762475,79.21026158632112,0.1,0.5200249410384845
813.7822447212777,67400.9828648,8.054532679305836,65.36635855993735,0.13333333333333333,0.6458574307603698
818.6217608850266,63884.534362,12.039995128989556,50.632069978389474,0.13333333333333333,0.3540379397167862
823.9255310781402,64308.08243900001,13.656399353832974,52.57251516607829,0.13333333333333333,0.30935311368568136
827.3807176402838,66301.4683608,8.248518858809682,38.12126687886256,0.1,0.08357874869713139
828.5416902632819,66927.92311766,11.031286720594084,41.846873299993256,0.1,0.15842395248200078
828.9243427851712,68041.5776548,5.6675267643950535,52.33020733876956,0.06666666666666668,0.3807247631016508
834.3922799383728,68041.5776548,5.829753369958338,52.49164583585025,0.06666666666666668,0.40710165778133056
838.4250787605505,56575.72000580001,14.203628213210445,55.30640785750683,0.13333333333333333,0.3143428203968636
871.0551518003682,65297.291978999994,12.142251854024488,49.236346265057485,0.1,0.37035649828631945
872.8894523394345,67107.89334800001,8.944951461657316,69.00350266959957,0.1,0.490992625101894
877.8175312495381,67556.46388280003,7.663025972182777,60.35947457192112,0.1,0.08337782233605781
883.2410715194908,68410.34284720001,3.859252851712181,67.86578089962241,0.03333333333333333,0.5280888995460911
886.9615657629523,64826.003060685995,12.190886562863474,47.279005583710365,0.1,0.2538324444801805
889.5630275493083,63995.788743,13.75451963369559,51.949678748341505,0.13333333333333333,0.292884804960437
894.0392670240277,66158.28837607999,12.388670804940304,52.13883825707614,0.06666666666666668,0.14363868206976946
895.0561091195223,67122.213022,8.221121740230647,56.62357402517169,0.1,0.4795008487763196
901.5857930673868,68560.77413420001,4.688333433036624,77.09883897703541,0.1,0.4241670105181211
907.00518131427,56575.719975199994,14.380644689650069,57.068000347284325,0.13333333333333333,0.3132648513968387
911.4175685367895,67170.6277388,9.17058751641566,50.58015392483125,0.13333333333333333,0.6032890895748907
915.4602286698816,67170.6277388,10.524090901762362,61.407780554562684,0.13333333333333333,0.4628242106673982
922.6056237912854,68262.5074108,5.488215352051963,76.03028488225856,0.06666666666666668,0.5982974048797096
928.9387360987628,68497.2734446,5.727873225812832,44.05404697525712,0.06666666666666668,0.4076684915234074
930.8817788372684,68602.24100780001,5.727873225812832,44.05404697525712,0.06666666666666668,0.4076684915234074
948.227504192386,64944.214326032,13.155861950867527,48.22292737696395,0.13333333333333333,0.4473185777631438
953.975030576894,67783.01031246,7.121027861798963,45.22130819184382,0.06666666666666668,0.19418758956001936
954.8131013777464,68095.0122154,6.223780971862428,85.19943555417156,0.1,0.6169888447157437
954.962123450014,67318.40970840001,9.227047077262073,59.89172983366153,0.1,0.44703496084138294
960.154082891165,67740.307461812,7.758466626738724,51.07618964556117,0.1,0.444587698466476
960.8854910105603,68095.0122154,6.319134555950984,85.09023261333772,0.1,0.6197406537799773
973.0620744083568,60410.8578952,14.359507862645508,55.28769288280282,0.13333333333333333,0.3031518398302233
973.4265409883176,58502.4290752,14.36592692580776,56.88257559605769,0.13333333333333333,0.30427099109163885
975.8994836434537,67818.81711440001,6.995556215678536,63.446638230647956,0.06666666666666668,0.2273433221178621
977.8367632510235,65027.56745428,12.94987199347639,50.92317697142314,0.1,0.19861360904960226
983.7531597738837,69209.3164782,6.113193004998587,44.88965104431365,0.03333333333333333,0.1661451632044086
987.9534448750439,68218.11631659999,8.738940786243656,50.253783182462655,0.1,0.3434317849347304
995.8802567664445,64460.8258352,13.334451178859837,49.61477799483786,0.1,0.1887570045779315
1004.9668630363001,65025.557084,13.545354920307208,47.64888767130711,0.1,0.2352021889765821
1005.2465373283876,66261.01112000001,11.685289799951668,47.048309473548244,0.13333333333333333,0.35318188865161904
1007.1529927977392,60076.70057292,14.410685526301814,50.62605390176061,0.13333333333333333,0.31570054425647115
1009.0881474467391,68399.7598266,7.541079735387819,53.79203730363439,0.06666666666666668,0.34327336766516714
1020.570327075643,66902.10682540001,14.078646537630314,47.091488108473214,0.1,0.21334813589248508
1030.3849786697588,67170.6277388,12.319064359134185,50.362490526985404,0.13333333333333333,0.2387958171963153
1032.1183164922822,67838.2077214,10.114818059850897,53.19399154171336,0.1,0.12122921406939265
1036.6182150710904,61010.89140366,14.323641048696256,61.8677871405816,0.16666666666666666,0.358911478742428
1042.0589541819695,69209.316677,4.629408188558439,65.78739098474023,0.03333333333333333,0.4725003140123195
1051.819300559112,67000.0687134,14.078646537630314,45.88960451295517,0.13333333333333333,0.2734423156683866
1059.6408401425663,68250.5436164,7.547422028943781,55.678092016241976,0.06666666666666668,0.4819635817840989
1082.6278056975243,62510.8306832,14.210724329292606,59.748751903866555,0.13333333333333333,0.3230631527742783
1108.3974624815469,60339.23218759999,14.542988771939532,61.565152555348796,0.13333333333333333,0.2496474677280289
1109.6671230656427,67670.438563,10.321795168316097,65.87052265798566,0.06666666666666668,0.3181726673235924
1120.6953121587362,67562.1433088,10.43200313442649,59.14673144936421,0.1,0.38482246866743386
1122.9581845570017,68430.596946,8.12907248839532,45.31207045418355,0.06666666666666668,0.3808414616801269
1123.1013785334196,67708.8425888,11.536099123173027,55.72851893960485,0.1,0.24183215026364474
1129.0246988125755,69209.3166742,4.914627652666943,61.70254038366969,0.03333333333333333,0.5430308348535288
1134.2393177111396,63117.053563252004,14.137055364729642,63.80187983405956,0.13333333333333333,0.2778256973360689
1137.7920121410773,62510.8306832,14.522430278483865,59.10804926269802,0.13333333333333333,0.2807546239147137
1139.0233021627707,62977.2048368,14.355151636706722,63.04510020232637,0.13333333333333333,0.2358678662085205
1140.4558308123785,68575.86951880001,7.101234656691736,55.812360457659615,0.06666666666666668,0.11797074550746277
1152.2484941446035,67199.8868414,11.869728170694234,39.96722945598651,0.13333333333333333,0.21511628775991326
1155.228218255631,67302.855796,11.872097910349929,52.728960938339824,0.1,0.2158303226665679
1160.5249339572865,59143.54338766,14.763545597300324,63.884485820635575,0.13333333333333333,0.27706793910036404
1163.8488595254441,63242.7833832,14.352573849660375,64.12047956076331,0.13333333333333333,0.3095660912754049
1168.4451961808115,68789.95852039999,6.540335915119897,61.54093008080947,0.06666666666666668,0.6517044631263114
1171.7990114470736,68042.46946901201,9.630176562892096,56.51887754416878,0.06666666666666668,0.3958231643657849
1176.192003462754,67144.01181740001,14.127354361959826,49.570886066783935,0.1,0.20815711804255474
1177.4471784914172,69209.31659019999,5.93425279382179,76.08444169736913,0.03333333333333333,0.3501170066154653
1181.4575018445255,68192.01438040001,9.364114794252883,53.32963560765697,0.06666666666666668,0.2796516909287807
1204.3742125251422,67199.8868414,14.078646537630314,45.38108813973507,0.13333333333333333,0.2734423156683866
1206.91093969958,68654.0935792,6.7365550351835966,42.860949213156,0.06666666666666668,0.046977326328999584
1206.9555183315574,69209.316677,5.1987373001650585,67.37819476682411,0.03333333333333333,0.5032072854556184
1216.068047216578,63321.193567999995,14.459624900508947,56.440537253452646,0.2,0.4664964859344365
1217.435936798171,67204.6930044,11.874981258897533,59.8059825216591,0.1,0.3131005668874693
1218.0959578548216,64293.69759880001,14.405006276508665,43.52625019473781,0.13333333333333333,0.2316405962820492
1218.1199450034705,68517.65568344,7.294136832568915,45.23619485668512,0.06666666666666668,0.10637626653339152
1232.9050664653912,64649.4133644,14.265145301212964,60.30234108573582,0.13333333333333333,0.1963362468440224
1234.3323512838942,67529.521429,12.556979012292512,52.54893291129056,0.1,0.26691494644098523
1235.6292517445504,68678.3142998,6.942506908450159,48.590937830644606,0.06666666666666668,0.5382470492119169
1241.104120151337,68793.1449234,7.121524826707194,49.95956343727411,0.06666666666666668,0.2932614978525961
1248.054182106779,65021.67671680001,14.638945513320156,64.36108058115303,0.1,0.22435793332159532
1251.6325436874615,66287.43326600001,14.137466733095346,62.088022047318965,0.06666666666666668,0.1293722500940137
1263.1826369088972,68444.3628512,8.622584048513971,71.64014376958612,0.06666666666666668,0.25750802794673466
1272.2166918220353,67937.93238679999,11.228345520310564,50.538254907583955,0.1,0.10752755661877582
1280.097913808576,68483.34560659999,9.686174153290247,48.63222013787021,0.06666666666666668,0.19795273368176167
1283.2070000745614,68654.0935792,7.3045176739272355,57.83364209085658,0.06666666666666668,0.07525648000963646
1285.382621958087,67403.638156,12.90841338736161,56.66140969246769,0.1,0.2295179510522057
1286.0384331819541,69209.316677,6.445155468631665,71.43163380557883,0.03333333333333333,0.2917563793844395
1293.9919421551967,63625.272851199996,14.8638884712188,60.548898931255074,0.16666666666666666,0.2978060146245807
1312.5241464597616,67754.35203159999,11.642750842133243,56.039360383213776,0.1,0.2749943998035466
1317.0966675350826,67529.521429,12.618261785581614,50.50376088358609,0.1,0.2961197336068376
1336.105940045245,68051.0656,13.211967439227395,58.74714371514347,0.06666666666666668,0.1968789499207222
1347.9688185487191,69192.2119718,6.942182068355462,60.64728622971457,0.03333333333333333,0.1996174333449285
1350.803586431427,68483.34560659999,10.086800938825412,44.135385929708654,0.06666666666666668,0.20544334633962594
1351.1323513731995,68781.833272,8.277883841467553,69.75416143960611,0.06666666666666668,0.2288930581765054
1365.6431673824306,64340.21210319999,14.8638884712188,65.17106705937793,0.13333333333333333,0.24540694220589385
1389.0237412952915,68199.722138,10.342919290620353,53.51776190724425,0.06666666666666668,0.2886470487734909
1389.4320321306689,68875.03430619999,7.326778435011858,61.63235071266803,0.03333333333333333,0.4797134556770417
1392.3114009273509,67838.2077214,13.617927255130247,46.82597968149186,0.1,0.2110091528312315
1392.764615946784,67701.86016158001,13.724418955801685,57.4894216335884,0.1,0.15900121765525824
1397.635078444161,68309.88626839999,10.591370123158253,59.59098246927333,0.06666666666666668,0.26749280987443297
1398.3046167649895,68466.24132660001,10.900468460012933,60.60364383396298,0.06666666666666668,0.3851002153398081
1401.5801369084165,65181.83325580001,14.265145301212964,55.73415378598,0.16666666666666666,0.2689267076157854
1403.4538931404004,68051.0656,13.483423663012864,54.97282906969596,0.06666666666666668,0.12339963686539444
1416.5416438332666,68834.27029839999,10.617447856248216,66.25823662274975,0.06666666666666668,0.09309301154259006
1424.258528558964,65972.8021072,14.842091117860804,63.01201699378229,0.13333333333333333,0.2628607640559316
1451.222414431505,68855.85100319999,9.560974941667169,51.13473332788639,0.03333333333333333,0.2633896414100462
1460.3110328037246,68567.059224,10.873333825208807,49.30610308475149,0.06666666666666668,0.17219073497733325
1466.2899314568708,69209.3165594,7.850176347554858,66.50857170857338,0.03333333333333333,0.2561506402377641
1471.2311695356225,66379.6764672,14.842091117860804,62.359619202439816,0.1,0.19762098492168395
1475.0108340333097,68483.34560659999,11.421750618004715,51.8062209993462,0.06666666666666668,0.2707384292736786
1475.417217362196,69006.3329778,9.35731992538013,60.95266711487128,0.03333333333333333,0.23929353615054605
1489.8467405637707,69006.3328658,11.906792290615034,58.972704218526744,0.03333333333333333,0.1811353937128778
1499.6435019897906,67159.297702,14.107754007279901,67.20061571634831,0.13333333333333333,0.271432937196018
1500.3033805970726,68603.5994466,14.31648280073062,49.31971013786021,0.06666666666666668,0.19609383067391264
1510.6031696761795,68603.5994466,14.436171632901898,49.287904715384634,0.06666666666666668,0.2052617566956621
1511.574703929418,68603.5994466,14.814153112854774,50.41284513576233,0.06666666666666668,0.10921244060883184
1531.460960873002,69209.316677,6.5770434626935,60.537804042363184,0.03333333333333333,0.4739278895867001
1555.4639589028613,69209.3165594,8.42315763314943,70.68289297014495,0.03333333333333333,0.2964868407492333
1570.9561057576507,66900.4114632,14.848802461307896,62.419917745011674,0.1,0.19858511311829044
1581.0896141724006,69209.31659019999,7.801521796193322,59.235575342048456,0.03333333333333333,0.4019481336089956
1601.368174989316,69209.3166322,6.770941527915041,67.79695029882896,0.03333333333333333,0.5100214855483386
1605.165342251066,69209.316677,7.0165275273192025,68.79138840333958,0.03333333333333333,0.36125320718457066
1636.1042249803954,69209.316677,7.727300008369324,62.533632060822285,0.03333333333333333,0.1528784676152337
1651.1958501668094,69006.3329778,10.073818575009119,59.650627515391314,0.03333333333333333,0.1285465137318226
1651.9174381231314,68834.27029839999,13.269837211596606,57.961923145119904,0.06666666666666668,0.11498162250410167
1665.5580508113314,69113.4466622,9.244028968968788,62.891662235319956,0.06666666666666668,0.4307361632092799
1667.1666685116493,69209.31659019999,8.514953660397754,69.00951966870987,0.03333333333333333,0.02714245581121259
1682.9829753669876,68834.27029839999,13.281259561446864,57.54800428865232,0.06666666666666668,0.11233195847218433
1683.5981560347213,69014.54616219999,9.72977372705132,63.791812218480025,0.06666666666666668,0.4067758752165652
1706.558437166758,69209.316677,7.879384132771818,58.889144125395575,0.03333333333333333,0.34524767994378225
1707.8345730725089,68610.163042,13.496415907049641,56.92677769376834,0.06666666666666668,0.17975228600571508
1715.5296062164236,69146.75814220001,9.540526074236874,62.69065062921728,0.03333333333333333,0.3299254574689403
1724.1703896400963,68875.32373039999,13.806511645038306,56.32824768026956,0.06666666666666668,0.13193294762917585
1735.993117732851,69209.316677,8.640930614630513,63.13668363857032,0.03333333333333333,0.13348624712772325
1748.0883510668882,60262.5687628,14.875216651001296,59.849410976111145,0.06666666666666668,0.1275191835128548
1788.2228919163942,69209.31659019999,8.880703742015136,50.152374373661786,0.03333333333333333,0.06960677665855244
1792.0107271294073,69146.7581702,9.633605353030076,57.638927150221484,0.03333333333333333,0.13669714856719814
1794.0792373698096,64623.627352,14.995287270368953,55.48342280678592,0.1,0.2022433430284539
1807.3721222293186,68875.32373039999,14.371027203056107,58.095218150694215,0.06666666666666668,0.1438477774135135
1815.7394803961056,69209.316537,9.294022457879473,49.119020378582725,0.03333333333333333,0.04109177620003479
1832.7851974821078,69108.5325724,12.158644429021368,57.525545171272924,0.06666666666666668,0.3065903767895193
1849.1682456620306,67730.79872179999,14.815592276364615,61.61960469192194,0.06666666666666668,0.14360677084158824
1850.1672987485558,69209.31658740001,9.429288848574345,58.39230916758309,0.03333333333333333,0.07450352357447391
1854.645468629068,64623.62746399999,14.995287270368953,58.8482134323003,0.1,0.2022433430284539
1859.817042960263,65212.651508,14.995287270368953,53.4074921039295,0.1,0.2022433430284539
1903.3361043951886,69209.316677,9.9923664234223,55.460466099161366,0.03333333333333333,0.21775810881571425
1915.31780092294,69006.30602939999,13.414683568765874,50.08183594358101,0.06666666666666668,0.11047278710426844
1917.53775730681,66250.28637,14.966213109974994,52.261431890471776,0.06666666666666668,0.14788088650570014
1927.253689172464,69209.316677,10.43759395023598,62.71499038216359,0.03333333333333333,0.23595669452955065
1931.785614823056,68884.38483380001,13.59695997452198,56.94678242493318,0.03333333333333333,0.0830120578080863
1940.2690963261625,68605.7475068,14.674460728666613,51.16769267340415,0.03333333333333333,0.06241988751870835
1964.0807130151893,69093.72437380001,13.398682643759349,47.204461027033645,0.06666666666666668,0.10490683004770557
1987.4979009143328,69146.75799399999,10.655252812310062,56.38674271865596,0.03333333333333333,0.014531515743435206
1993.4417008362884,67580.69670659999,14.994542776878047,54.74070412763186,0.03333333333333333,0.06685633277852901
1999.50250178018,67951.395546,14.998069173712151,52.83199312553681,0.1,0.20127609979911465
2006.6013912773235,68052.6897058,14.815592276364615,55.53394846215883,0.06666666666666668,0.1340911024745655
2016.19063152376,68605.7475068,14.99080813946158,51.24217416727597,0.03333333333333333,0.06640135162788242
2016.2247714713749,69113.4466622,10.784138177129426,57.41571812960817,0.06666666666666668,0.1452186351356738
2020.6966673779168,69112.89094540001,10.800934896861222,63.26832105796447,0.06666666666666668,0.3704093222697536
2054.2805804026293,69146.7581702,10.43894343750185,54.599842453094,0.03333333333333333,0.13911746432719
2064.5056312980323,66076.761313,14.998250051703895,55.94613880983673,0.1,0.1994933036209772
2079.9660529321254,68078.75072380001,14.998084771736655,50.842333139723046,0.03333333333333333,0.06666034967620607
2086.4636239959273,69209.3164222,10.784138177129426,52.39865723499733,0.03333333333333333,0.04487741724345712
2096.8026160225654,68724.5862582,14.628759595821366,59.430829342235576,0.06666666666666668,0.1430115053557214
2099.65653251517,68161.25520379997,14.998084771736655,51.498682459157855,0.03333333333333333,0.06666034967620607
2141.3488572427755,69209.31659019999,12.477051672706235,58.54040125135422,0.03333333333333333,0.18874223031149495
2156.2824355724188,68891.58220739999,14.371027203056107,59.76243234079614,0.06666666666666668,0.1333810029867174
2173.811501631581,69209.31659019999,12.62288120343879,62.6007530754439,0.03333333333333333,0.10623666153807146
2196.939692972482,69110.8287546,13.378775347176626,51.69425604744687,0.06666666666666668,0.17248650932968593
2213.12983665535,68722.06834200001,14.793990302168883,60.928226859956006,0.06666666666666668,0.14827184619142844
2240.591313378337,69209.316677,11.906792290615034,60.90065950536923,0.03333333333333333,0.1811353937128778
2251.4538197985157,69053.51234039999,13.430891154976235,60.46206605013751,0.06666666666666668,0.11276804159446617
2287.8217733810957,68215.11834660001,14.998084771736655,58.22293719799725,0.06666666666666668,0.13229528161968793
2291.849213763572,69192.21198580001,13.429939491583495,51.351934361766034,0.03333333333333333,0.05159950130400512
2299.729179973689,69209.31659019999,12.772396292617412,55.99888359797996,0.03333333333333333,0.10969165206120148
2304.028090246756,68786.41943239998,14.41757185731632,61.592893610095246,0.06666666666666668,0.20390709835747964
2304.6330264119274,69209.31659019999,13.183593930729613,57.57655023936144,0.03333333333333333,0.12050846057381755
2324.8899293383342,68746.08084839999,14.757744306971118,59.56829506711966,0.06666666666666668,0.12551264464066636
2364.413875052139,68770.26833119999,14.584704501903882,61.01213312307566,0.06666666666666668,0.12780757536706744
2373.379492083828,69110.82900619999,13.822165378560404,53.41851176892779,0.06666666666666668,0.10440296628400493
2399.4277568143025,69113.4466342,13.85832499627326,55.97489088457516,0.06666666666666668,0.18344974308921055
2405.3126439389725,69154.01349299999,13.791674979884467,55.73238658538903,0.03333333333333333,0.06866136149848415
2407.5316722042207,69110.8287546,14.5046365635451,53.59312346589269,0.06666666666666668,0.20049419202097585
2407.981940079342,68607.7174358,14.796185232951407,56.41440626983738,0.06666666666666668,0.17420529570495724
2419.294585020009,68346.2169994,14.998069173712151,64.13159697559854,0.06666666666666668,0.13422287638640654
2494.237900339591,69113.4466342,14.35185236229228,54.86626003904344,0.06666666666666668,0.1979507385623861
2514.1699295984768,68770.2684152,14.597361729019484,62.98052045272116,0.06666666666666668,0.12322426493549685
2521.0327802382667,68918.29834666,14.998069173712151,62.18839887574193,0.03333333333333333,0.06651836487744033
2533.7249077754354,69209.31658740001,13.386045368615234,60.11228480512217,0.03333333333333333,0.1392948884237014
2552.2779881987444,69209.316677,12.504386867175665,59.51079610487543,0.03333333333333333,0.05605930199943916
2560.362614857313,69209.31661820001,14.169908812030325,60.6190068319534,0.03333333333333333,0.08335712657964288
2596.4604716857652,68361.95362860001,14.99846038120044,61.397193988186274,0.1,0.19925511446662486
2609.109619257968,69113.4466342,14.660399522941495,57.37852450226245,0.06666666666666668,0.1401596289049577
2622.7877579367378,69209.316677,13.764968480399787,57.62312632142886,0.03333333333333333,0.0690773939679967
2631.299481257374,68427.0484298,14.998084771736655,47.56058654254896,0.03333333333333333,0.06666034967620607
2636.588990443644,68960.57923919999,14.829340128880405,59.22790520262814,0.06666666666666668,0.16106126303044024
2698.1335135758272,69146.75815639998,14.185297001486953,61.642135540774575,0.03333333333333333,0.0942392846265986
2721.3268415144157,69116.9392844,14.64610718350416,64.02484671158311,0.03333333333333333,0.10201040830555166
2730.3168683405943,68862.60860379999,14.998084771736655,49.53202177902804,0.06666666666666668,0.13229528161968793
2740.323798306533,63695.02173506,14.998913527853713,53.983803338520936,0.03333333333333333,0.0669782553089816
2760.7392218710247,65791.17372739999,14.998913527853713,58.066888051419326,0.06666666666666668,0.13502966719062162
2761.9940904755576,69209.316677,13.887133789957945,59.047126911038646,0.03333333333333333,0.07465905115781812
2767.410720680141,68984.9763904,14.909596788383315,54.48317574547268,0.03333333333333333,0.06567970761025757
2771.491662881389,69146.75815639998,14.28932752583616,62.74480371052874,0.03333333333333333,0.09153020107976516
2829.294643771132,68273.4709618,14.998688777961119,59.2623926240843,0.06666666666666668,0.13272946876272854
2845.7155912925123,68961.1804146,14.92609702906735,58.50835340881814,0.06666666666666668,0.12880756277001684
2852.489330843548,69146.75813939999,14.521700776448498,68.06889094146463,0.03333333333333333,0.12123062006488725
2887.7217256193776,68898.066219,14.998084771736655,55.54997063432384,0.06666666666666668,0.13229528161968793
2893.5909526384694,69081.383547,14.738026439711936,52.50366230212114,0.03333333333333333,0.06951940540698595
2901.426638090625,69023.4106894,14.782222703305752,62.6068911183828,0.06666666666666668,0.15894809775509453
2908.6262737450847,69108.5326394,14.907971385642293,55.522137253803024,0.06666666666666668,0.12574977530762088
2913.478290400394,68961.1805208,14.962484327827676,63.94326220104558,0.06666666666666668,0.14803166882612645
2941.3833180432457,67637.971505,14.998913527853713,48.67155958030006,0.1,0.20050262502772287
2943.5940504822115,69146.7581954,14.366889259043436,64.78928731601826,0.03333333333333333,0.05857049732649312
2978.836524977337,68193.21055260001,14.998909353410811,56.69471421528403,0.1,0.2004111514056217
2984.397533668254,69167.1592148,14.621920116373662,66.00586821645796,0.03333333333333333,0.08385486199313233
2990.441292756709,68489.06411020001,14.998688777961119,53.26273661294574,0.06666666666666668,0.1346568202023423
2995.906592735741,68905.877203,14.99846038120044,57.3556593951458,0.06666666666666668,0.1330260946714016
3000.361845684898,69209.316677,14.097620645797504,56.922343703056114,0.03333333333333333,0.07083463978400358
3014.0463324439947,69183.0386502,14.573391815054267,55.59837217296988,0.03333333333333333,0.07048966271500193
3019.9090418258197,69146.7581702,14.68667151956595,59.85334716217977,0.03333333333333333,0.07640185893847562
3028.251916628559,69116.9392674,14.950921872653126,64.94035958516683,0.03333333333333333,0.06429416617900258
3053.6251802597576,69209.31660139999,14.943946568939548,60.33282111068714,0.03333333333333333,0.06385496407735591
3069.5676911277837,67112.55077860001,14.999027084705135,53.303885318492824,0.03333333333333333,0.06580086865839949
3117.234461958301,69209.316677,14.168946699768783,58.373057927562904,0.03333333333333333,0.07201690197929578
3142.3603367500928,69209.316677,14.37342515907454,61.344886247322314,0.03333333333333333,0.06777600121821463
3186.467904343737,69209.316677,14.564683060624747,57.626582617585136,0.03333333333333333,0.0677455490130958
3223.765801772777,68061.4968338,14.998913527853713,53.99624967139183,0.06666666666666668,0.1355682235967413
3243.5973438574933,69209.316677,14.64908483885517,58.06699850252825,0.03333333333333333,0.06943823196627323
3244.50330522128,69209.316677,14.651181829010973,58.06546196546582,0.03333333333333333,0.0694250059297328
3270.133756592596,69209.316677,14.719473896025072,57.974496274792884,0.03333333333333333,0.07384493266447298
3280.2840212082647,68960.36610700001,14.968687617740306,61.59911681586954,0.03333333333333333,0.06406052476611201
3296.327806782458,68548.2095696,14.998913527853713,53.97508938299196,0.06666666666666668,0.13455108229711074
3347.0333076195398,69154.0135182,14.965658021579902,58.17105442386943,0.03333333333333333,0.06391957100836734
3434.727147673519,68875.32349539999,14.998913527853713,48.734063682705745,0.06666666666666668,0.13378333295873535
3551.272725956861,68939.919896,14.998069173712151,56.065996772514374,0.03333333333333333,0.06651836487744033
3608.991469008796,68961.1805768,14.971381589867008,62.21102584076048,0.06666666666666668,0.14760417870150194
3623.4901684354772,69009.96054619999,14.996225707373652,54.182397260108225,0.06666666666666668,0.13553959803367566
3624.192565193964,69209.3166742,14.868664832731048,62.00818629788298,0.03333333333333333,0.06631976623247339
3695.3079461212374,69209.3166742,14.882519860281288,61.713712327463405,0.03333333333333333,0.06556861988489596
3697.846401485925,68938.6818062,14.998084771736655,54.18043413020024,0.06666666666666668,0.1320802807221015
3701.574611886785,68917.9116702,14.99846038120044,61.97955175153897,0.06666666666666668,0.13255709070150656
3724.1164432167684,68942.96449659999,14.998084771736655,62.16780180215153,0.06666666666666668,0.13229528161968793
3730.966958347937,68903.21974639999,14.998913527853713,52.718453382365276,0.03333333333333333,0.06805141188164003
3747.7999041414,69081.93912659999,14.99080813946158,53.20398854441575,0.03333333333333333,0.06640135162788242
3753.0385951181843,69027.99786239999,14.998913527853713,50.71194094870646,0.03333333333333333,0.06805141188164003
3754.715415854707,69034.61048939999,14.998069173712151,52.734199942704045,0.06666666666666668,0.13589229080827564
3773.2583138709474,69209.3166742,14.968687617740306,61.59911681586954,0.03333333333333333,0.06406052476611201
3849.158692637897,69192.2119718,14.980952943266209,59.56764447463075,0.03333333333333333,0.06554169236424877
3861.9846346746394,69047.3862224,14.998913527853713,49.3913828934767,0.03333333333333333,0.06805141188164003
3891.490174572226,69110.74458380001,14.998084771736655,50.18598382028823,0.03333333333333333,0.06666034967620607
3892.211622453409,69192.2119718,14.998069173712151,60.15726353047294,0.03333333333333333,0.06651836487744033
3942.367729688163,67322.7513838,14.999027084705135,51.940117838563005,0.1,0.19726683863852298
3983.450228831936,69192.2119998,14.998069173712151,60.15726353047294,0.03333333333333333,0.06651836487744033
4028.288639288743,67464.60411212,14.999027084705135,53.965456499815595,0.1,0.19841609651902886
4029.4906411257616,69110.74461180001,14.998084771736655,50.84312889911459,0.03333333333333333,0.06666034967620607
4095.0070731248106,68744.0825108,14.999027084705135,51.26508067554421,0.06666666666666668,0.13168151443800008
4155.851365596944,69154.01323859999,14.998084771736655,56.16481698628111,0.03333333333333333,0.06666034967620607
4374.518013587384,69209.31639460001,14.998084771736655,57.53148353622136,0.03333333333333333,0.06666034967620607
4374.518013587384,69209.31639460001,14.998084771736655,54.822347031507796,0.03333333333333333,0.06666034967620607
4515.984853661923,68779.66357939999,14.999027084705135,54.66006277664996,0.06666666666666668,0.13168151443800008
4533.411361465846,69209.31645059999,14.990094484619336,59.96825156205858,0.03333333333333333,0.06594497074806857
4535.291235163681,69174.12389239999,14.998909353410811,56.1485698995805,0.03333333333333333,0.06783597619511003
4572.827042385295,69209.31645059999,14.998084771736655,60.18486954273553,0.03333333333333333,0.06666034967620607
4572.827042385295,69209.31645059999,14.998084771736655,58.85354372820743,0.03333333333333333,0.06666034967620607
4602.21128733041,69209.3165848,14.971381589867008,61.58503531577502,0.03333333333333333,0.07757929463461058
4608.214262266478,68795.53177460001,14.999027084705135,54.61082320442735,0.06666666666666668,0.13138619285892242
4800.765503525628,69136.8758656,14.999027084705135,51.975917657601364,0.03333333333333333,0.06580086865839949
4867.699827443649,69183.0711366,14.998909353410811,58.640658544839525,0.03333333333333333,0.06783597619511003
4960.928500520098,69183.0384656,14.999027084705135,52.64326347841165,0.03333333333333333,0.06580086865839949
4968.601414648757,69183.03857799999,14.998913527853713,50.65562309315529,0.03333333333333333,0.06805141188164003
5452.003189789492,69191.10065580001,14.99846038120044,58.658768335331004,0.03333333333333333,0.06679226885524837
5616.733475072192,69183.07123360001,14.999027084705135,54.022244052491104,0.03333333333333333,0.06789964202211482
5784.529172577585,69191.1006838,14.99846038120044,61.373266154009315,0.03333333333333333,0.06679226885524837
6393.679339273007,69209.31648060001,14.971846313929731,61.68428917145465,0.03333333333333333,0.06810344758406961
6813.745327008955,69209.3165114,14.971846313929731,59.55333661480584,0.03333333333333333,0.06810344758406961
6929.164503249066,69209.3165114,14.974766390451936,59.511904444981454,0.03333333333333333,0.06795914108224257
7162.241586207292,69209.31656739999,14.971540348799007,63.132893416055936,0.03333333333333333,0.06884633159382796
7162.442732829303,69209.31656739999,14.974766390451936,62.94246664469082,0.03333333333333333,0.06795914108224257
7169.689740253806,69183.0712444,14.999027084705135,50.64119580611117,0.03333333333333333,0.06789964202211482
7172.552730318547,69183.0712702,14.999027084705135,49.30018764396645,0.03333333333333333,0.06789964202211482
7216.51262117995,69183.07130619998,14.998733996380679,50.010944854670754,0.03333333333333333,0.06810178384037052
